Date,isMainSleep,logId,efficiency,startTime,duration,minutesToFallAsleep,minutesAsleep,minutesAwake,minutesAfterWakeup,awakeningsCount,awakeCount,awakeDuration,restlessCount,restlessDuration,timeInBed,minuteDataDateTime,minuteDataValue
2/5/2014,TRUE,1,87,5:20 AM,4971,105,188,425,11,0,81,20,118,24,42,8:44 PM,958
2/6/2014,TRUE,2,93,6:37 AM,5531,48,259,119,32,0,14,26,8,33,198,3:23 PM,263
2/7/2014,FALSE,3,51,2:31 AM,1149,110,745,765,106,0,46,25,98,75,890,5:27 PM,670
2/8/2014,FALSE,4,100,2:02 AM,9034,90,1143,393,40,0,26,41,82,51,723,11:32 AM,373
2/9/2014,TRUE,5,57,1:33 PM,7833,54,524,321,100,0,60,12,113,39,733,5:05 AM,435
2/10/2014,FALSE,6,4,4:44 AM,3422,7,823,755,97,0,50,29,35,20,567,4:14 AM,239
2/11/2014,FALSE,7,79,5:53 AM,3808,81,768,138,33,0,84,103,60,89,317,6:37 AM,618
2/12/2014,FALSE,8,35,3:30 AM,9902,25,831,739,18,0,28,31,27,67,600,1:41 AM,962
2/13/2014,FALSE,9,92,2:34 AM,777,111,357,606,79,0,81,4,21,9,514,9:31 PM,229
2/14/2014,TRUE,10,21,3:40 PM,2554,28,493,563,74,0,9,45,26,49,1006,1:56 PM,614
2/15/2014,TRUE,11,35,8:12 AM,9204,63,281,856,40,0,71,88,15,93,972,6:35 AM,68
2/16/2014,FALSE,12,38,12:34 PM,8384,87,177,432,51,0,76,45,86,49,1010,12:59 AM,361
2/17/2014,FALSE,13,43,5:26 PM,9634,101,1102,600,72,0,42,65,29,20,40,9:49 AM,323
2/18/2014,FALSE,14,24,4:04 PM,6520,66,618,896,56,0,43,16,104,43,142,6:12 AM,193
2/19/2014,FALSE,15,86,10:34 PM,8080,95,285,156,24,0,27,41,115,117,521,8:46 PM,339
2/20/2014,FALSE,16,2,11:26 AM,2602,83,1113,256,110,0,0,80,17,81,94,6:15 PM,804
2/21/2014,FALSE,17,43,8:44 AM,5365,100,82,536,12,0,69,103,30,116,147,7:05 AM,644
2/22/2014,FALSE,18,21,6:46 AM,1976,69,503,164,115,0,43,85,23,38,641,7:33 PM,113
2/23/2014,FALSE,19,26,8:34 AM,1214,2,858,544,96,0,116,79,68,110,1163,6:09 AM,279
2/24/2014,FALSE,20,57,5:03 PM,1780,85,310,43,97,0,28,100,29,54,305,9:56 PM,680
2/25/2014,FALSE,21,53,11:42 PM,2592,70,889,714,17,0,106,58,120,86,82,6:23 PM,586
2/26/2014,FALSE,22,1,4:22 PM,5785,87,392,165,94,0,85,89,4,107,568,4:23 PM,476
2/27/2014,TRUE,23,1,2:58 PM,3856,95,8,880,19,0,75,37,25,17,385,8:30 AM,641
2/28/2014,TRUE,24,21,3:25 AM,290,48,726,387,119,0,55,9,21,49,106,7:04 PM,649
3/1/2014,TRUE,25,3,8:31 AM,2695,61,56,1172,53,0,88,73,43,54,212,12:58 AM,348
3/2/2014,TRUE,26,89,4:17 PM,3324,105,467,530,57,0,54,42,85,22,245,9:40 AM,956
3/3/2014,TRUE,27,62,2:25 AM,1552,40,74,429,40,0,70,115,38,41,239,3:45 PM,835
3/4/2014,TRUE,28,15,7:52 AM,4271,2,422,22,111,0,96,10,68,104,697,10:00 AM,161
3/5/2014,FALSE,29,70,5:24 PM,6096,93,432,637,44,0,48,25,73,44,515,1:27 PM,869
3/6/2014,TRUE,30,95,9:32 PM,4161,6,729,219,68,0,72,89,45,85,1044,10:37 AM,393
3/7/2014,FALSE,31,57,12:17 PM,7804,97,837,61,104,0,58,58,106,31,425,1:33 AM,305
3/8/2014,TRUE,32,11,6:29 AM,5629,117,210,338,53,0,7,89,94,14,1,3:55 AM,1110
3/9/2014,FALSE,33,81,10:55 PM,8080,105,1038,619,17,0,46,59,117,76,328,1:34 AM,70
3/10/2014,TRUE,34,64,8:49 AM,7548,32,544,292,77,0,4,58,63,52,844,10:14 PM,158
3/11/2014,FALSE,35,85,4:15 PM,763,60,1158,748,110,0,111,78,117,17,124,8:36 AM,527
3/12/2014,FALSE,36,68,1:14 AM,1795,58,1156,257,31,0,64,105,83,107,973,1:50 AM,921
3/13/2014,FALSE,37,8,2:06 AM,1259,45,266,251,33,0,10,19,24,74,967,4:35 PM,469
3/14/2014,FALSE,38,95,2:12 PM,1694,81,1125,714,74,0,1,86,92,40,348,11:50 PM,634
3/15/2014,TRUE,39,90,10:41 PM,1042,45,45,1157,85,0,98,117,35,97,529,5:27 AM,427
3/16/2014,FALSE,40,65,11:19 AM,4331,54,679,6,111,0,107,73,61,4,987,6:23 AM,978
3/17/2014,FALSE,41,95,10:35 PM,9991,69,715,749,18,0,12,55,3,110,783,6:56 AM,146
3/18/2014,FALSE,42,46,9:49 PM,303,12,843,1035,79,0,34,113,103,56,814,2:23 AM,1116
3/19/2014,FALSE,43,30,12:57 AM,3702,47,334,945,98,0,107,62,22,84,882,3:42 AM,930
3/20/2014,TRUE,44,2,1:47 PM,3263,93,1115,1079,96,0,49,2,47,87,210,10:59 PM,453
3/21/2014,FALSE,45,85,10:08 AM,9020,63,287,344,118,0,75,117,64,58,649,5:36 PM,703
3/22/2014,FALSE,46,93,11:37 PM,5947,29,693,669,8,0,120,12,17,43,56,5:19 PM,168
3/23/2014,FALSE,47,19,11:13 AM,7087,89,1091,895,100,0,49,105,101,88,824,6:43 AM,1117
3/24/2014,FALSE,48,34,5:30 PM,2110,90,783,175,99,0,26,35,113,87,530,6:48 AM,980
3/25/2014,TRUE,49,40,1:14 PM,2006,3,732,42,27,0,21,31,36,84,1142,1:41 PM,56
3/26/2014,TRUE,50,82,7:32 PM,3058,29,831,1196,10,0,76,70,40,60,719,2:09 PM,1145
3/27/2014,FALSE,51,55,6:30 AM,3538,67,88,695,53,0,85,100,58,49,562,1:20 AM,1129
3/28/2014,FALSE,52,36,9:19 PM,3140,21,1117,906,80,0,107,79,95,65,520,11:40 PM,856
3/29/2014,TRUE,53,49,9:44 PM,2071,88,438,51,112,0,22,34,48,18,211,3:20 PM,720
3/30/2014,TRUE,54,21,5:41 PM,1091,4,741,585,45,0,15,9,120,11,829,1:06 PM,662
3/31/2014,FALSE,55,64,2:59 AM,6288,57,514,950,7,0,81,107,3,6,1033,11:21 AM,756
4/1/2014,FALSE,56,6,7:21 PM,4876,52,1178,283,28,0,113,10,60,21,859,6:31 AM,91
4/2/2014,TRUE,57,95,7:01 PM,4082,116,431,1102,50,0,31,90,31,97,873,3:40 AM,65
4/3/2014,FALSE,58,66,12:15 PM,9142,83,1057,524,9,0,66,56,74,111,1047,7:49 PM,1061
4/4/2014,FALSE,59,98,3:04 AM,6968,66,338,625,9,0,67,28,41,27,212,9:44 AM,264
4/5/2014,TRUE,60,34,6:57 AM,9741,73,81,919,11,0,13,98,107,54,540,12:00 AM,697
4/6/2014,FALSE,61,48,9:06 PM,2342,102,355,224,8,0,81,71,64,87,114,12:13 PM,209
4/7/2014,TRUE,62,35,7:31 AM,6729,116,1013,377,71,0,60,63,108,71,132,8:53 PM,48
4/8/2014,TRUE,63,28,8:36 PM,1917,102,313,1187,89,0,89,4,62,92,299,2:22 AM,100
4/9/2014,FALSE,64,86,2:32 PM,8694,99,574,26,107,0,5,43,20,80,994,8:42 AM,1098
4/10/2014,FALSE,65,13,1:23 PM,4615,5,662,1071,119,0,112,36,13,99,478,1:20 AM,316
4/11/2014,FALSE,66,72,8:13 PM,8279,28,383,773,54,0,37,73,34,48,412,7:40 PM,1072
4/12/2014,FALSE,67,96,1:24 AM,2015,60,365,1167,31,0,23,8,113,70,470,7:30 PM,787
4/13/2014,FALSE,68,82,8:10 AM,8912,104,554,374,118,0,112,78,100,75,1131,1:42 AM,272
4/14/2014,TRUE,69,90,3:42 AM,8282,42,718,1115,18,0,27,119,94,66,754,5:12 PM,763
4/15/2014,TRUE,70,61,10:20 PM,1291,54,603,437,78,0,24,0,18,13,522,12:50 AM,1197
4/16/2014,FALSE,71,77,1:06 PM,5238,21,996,3,110,0,75,15,60,15,312,6:20 PM,278
4/17/2014,TRUE,72,61,8:12 AM,9695,44,816,805,58,0,14,33,44,20,492,8:57 AM,956
4/18/2014,FALSE,73,53,5:49 AM,2695,41,446,314,31,0,112,28,74,46,97,5:14 AM,56
4/19/2014,FALSE,74,45,6:48 AM,4718,35,473,307,96,0,60,28,96,50,925,10:06 PM,767
4/20/2014,FALSE,75,8,9:34 PM,2429,90,663,428,44,0,49,22,39,4,131,7:16 AM,243
4/21/2014,FALSE,76,36,8:17 AM,532,21,1061,1022,115,0,14,117,86,115,582,4:57 AM,143
4/22/2014,FALSE,77,79,11:43 PM,472,108,190,779,68,0,10,56,10,73,19,1:51 AM,905
4/23/2014,TRUE,78,28,8:22 AM,3763,16,801,39,64,0,104,102,81,2,581,9:07 AM,470
4/24/2014,FALSE,79,47,9:27 AM,9317,118,313,1153,55,0,90,76,1,62,807,4:21 AM,255
4/25/2014,FALSE,80,44,3:36 AM,7854,61,257,754,21,0,22,82,107,46,1163,4:54 AM,124
4/26/2014,FALSE,81,59,5:53 AM,2313,100,833,770,88,0,33,70,47,24,1173,7:49 PM,325
4/27/2014,TRUE,82,56,3:28 PM,7713,3,21,563,78,0,24,35,32,97,1130,7:33 PM,142
4/28/2014,FALSE,83,61,5:45 AM,6999,9,729,460,46,0,51,84,112,87,586,12:32 AM,1020
4/29/2014,FALSE,84,93,2:37 AM,5322,55,937,1088,81,0,63,107,118,70,436,4:23 PM,689
4/30/2014,TRUE,85,56,8:15 AM,3055,87,808,661,87,0,34,78,62,96,724,5:42 AM,532
5/1/2014,FALSE,86,17,3:43 AM,8012,39,375,231,56,0,42,29,20,2,172,11:25 AM,594
5/2/2014,TRUE,87,52,1:34 AM,7718,116,1163,688,55,0,13,106,99,26,140,10:48 PM,931
5/3/2014,TRUE,88,4,5:18 AM,9783,86,891,134,7,0,68,46,53,93,515,8:36 AM,401
5/4/2014,FALSE,89,73,9:26 PM,8257,48,741,1082,102,0,4,116,44,44,463,6:49 PM,998
5/5/2014,TRUE,90,75,5:55 PM,1316,75,85,98,68,0,94,32,116,101,720,11:35 AM,810
5/6/2014,FALSE,91,12,10:23 PM,4219,49,742,292,81,0,48,63,56,45,1163,1:46 AM,261
5/7/2014,TRUE,92,58,3:27 PM,8168,97,17,316,36,0,9,75,12,58,621,12:50 AM,719
5/8/2014,TRUE,93,19,9:43 PM,9270,64,423,702,48,0,13,97,117,90,1027,12:29 AM,267
5/9/2014,TRUE,94,52,11:07 PM,861,75,18,974,116,0,17,42,118,26,652,6:36 AM,1088
5/10/2014,FALSE,95,81,8:07 PM,4320,103,494,1106,54,0,30,120,120,35,921,5:47 AM,1111
5/11/2014,TRUE,96,34,8:23 AM,4265,81,1110,896,48,0,53,36,47,94,1076,12:42 PM,327
5/12/2014,FALSE,97,98,2:01 AM,4436,120,331,280,12,0,34,13,59,77,253,2:48 AM,917
5/13/2014,TRUE,98,35,10:41 PM,2254,112,718,321,91,0,74,75,18,99,1177,2:09 PM,986
5/14/2014,FALSE,99,48,9:12 PM,1888,95,50,391,94,0,9,59,55,51,213,12:03 AM,924
5/15/2014,FALSE,100,24,3:15 PM,9716,30,1192,1027,39,0,86,89,19,21,816,3:51 PM,1125
5/16/2014,TRUE,101,9,8:13 AM,6608,55,139,1121,40,0,48,103,5,95,966,5:50 AM,1024
5/17/2014,FALSE,102,38,5:24 PM,8238,71,122,704,98,0,74,24,79,44,591,10:47 PM,426
5/18/2014,TRUE,103,91,5:38 AM,2293,64,91,488,74,0,85,15,44,84,349,12:05 AM,808
5/19/2014,FALSE,104,18,3:52 PM,8823,44,969,359,117,0,97,54,105,49,832,5:41 PM,128
5/20/2014,FALSE,105,2,3:13 AM,8807,120,444,239,11,0,76,53,84,14,470,11:28 PM,566
5/21/2014,FALSE,106,71,7:11 PM,7973,107,712,190,19,0,104,30,21,111,599,5:23 PM,1056
5/22/2014,TRUE,107,65,3:09 AM,9244,74,130,1151,43,0,15,47,55,17,48,4:07 AM,684
5/23/2014,TRUE,108,9,6:45 AM,25,24,808,891,65,0,24,32,16,38,188,10:36 AM,843
5/24/2014,FALSE,109,59,5:13 AM,3259,115,1061,337,79,0,35,79,101,30,337,11:07 PM,68
5/25/2014,FALSE,110,50,10:40 AM,4297,75,125,913,30,0,76,78,27,8,93,6:01 PM,120
5/26/2014,TRUE,111,90,11:07 PM,9519,54,202,287,53,0,91,6,58,40,616,8:09 AM,60
5/27/2014,FALSE,112,14,5:38 PM,7365,67,390,236,39,0,49,48,82,118,606,11:08 AM,339
5/28/2014,FALSE,113,98,7:53 AM,8508,95,827,866,31,0,31,96,0,97,885,1:08 AM,1135
5/29/2014,TRUE,114,55,2:13 AM,2754,70,511,1020,81,0,2,4,6,111,192,10:41 PM,237
5/30/2014,FALSE,115,36,10:22 PM,9800,95,1146,844,12,0,75,83,86,81,456,5:20 AM,1116
5/31/2014,TRUE,116,29,1:36 AM,1086,48,11,441,11,0,93,88,74,84,44,2:14 AM,638
6/1/2014,FALSE,117,6,2:04 PM,6886,108,1048,447,72,0,94,26,18,103,1107,12:00 PM,701
6/2/2014,FALSE,118,59,2:10 PM,3416,71,74,1091,53,0,59,34,104,63,65,10:07 PM,1171
6/3/2014,FALSE,119,74,7:12 AM,4371,74,590,965,39,0,59,57,104,56,579,5:42 PM,814
6/4/2014,FALSE,120,33,9:33 AM,5100,47,119,1132,116,0,120,28,22,53,471,11:42 PM,485
6/5/2014,FALSE,121,16,1:07 AM,1801,51,390,369,34,0,0,21,23,64,422,2:05 AM,1108
6/6/2014,FALSE,122,73,6:36 AM,4564,22,1153,785,37,0,70,63,78,20,1104,4:16 PM,812
6/7/2014,TRUE,123,68,7:13 PM,1578,119,961,160,73,0,109,14,98,42,918,3:49 AM,1138
6/8/2014,FALSE,124,75,3:50 PM,5027,36,784,52,86,0,77,113,95,30,720,3:15 AM,508
6/9/2014,TRUE,125,9,2:33 PM,7405,48,173,664,93,0,67,107,91,48,921,11:27 PM,665
6/10/2014,TRUE,126,73,4:10 AM,5245,106,1200,519,109,0,79,111,63,104,1174,9:45 PM,148
6/11/2014,TRUE,127,52,5:10 AM,4384,103,392,975,45,0,68,79,25,72,465,1:38 PM,466
6/12/2014,FALSE,128,51,9:32 AM,4318,114,227,570,33,0,0,70,12,80,742,1:55 AM,807
6/13/2014,FALSE,129,16,6:44 PM,8004,87,1039,733,31,0,5,26,69,19,219,4:17 AM,394
6/14/2014,FALSE,130,13,3:04 PM,471,85,511,561,30,0,11,15,108,95,671,4:05 PM,176
6/15/2014,TRUE,131,62,8:59 PM,5853,79,341,216,4,0,115,24,38,40,1170,2:09 AM,337
6/16/2014,FALSE,132,40,3:13 AM,3992,100,961,635,37,0,23,0,23,47,946,12:31 PM,1068
6/17/2014,TRUE,133,61,9:46 AM,5086,118,231,233,18,0,29,93,95,112,931,7:53 AM,480
6/18/2014,TRUE,134,42,11:53 PM,7596,97,425,78,88,0,86,83,35,106,724,11:23 PM,485
6/19/2014,TRUE,135,59,11:05 PM,5537,102,131,594,9,0,107,77,92,58,459,3:09 PM,971
6/20/2014,TRUE,136,35,4:41 PM,7959,102,687,888,108,0,82,71,45,59,1020,8:08 PM,1052
6/21/2014,FALSE,137,15,4:53 AM,9824,83,871,929,32,0,109,109,90,49,830,1:35 PM,176
6/22/2014,FALSE,138,78,11:43 AM,1722,52,278,741,39,0,38,112,47,119,4,6:12 AM,190
6/23/2014,TRUE,139,33,1:28 AM,4137,78,252,617,4,0,93,58,64,64,787,7:14 AM,1022
6/24/2014,FALSE,140,49,10:40 AM,3173,64,465,737,19,0,75,91,90,86,392,6:27 AM,930
6/25/2014,FALSE,141,5,8:17 PM,4455,92,427,392,17,0,25,21,105,65,332,11:06 PM,532
6/26/2014,TRUE,142,34,1:19 PM,7669,0,573,1151,6,0,84,69,115,65,897,7:21 AM,389
6/27/2014,FALSE,143,38,5:35 AM,360,8,1170,377,97,0,49,73,16,38,785,4:12 AM,625
6/28/2014,TRUE,144,47,11:00 AM,924,73,829,1062,64,0,10,42,47,96,461,9:36 AM,884
6/29/2014,TRUE,145,68,8:36 PM,6896,10,448,895,57,0,41,81,110,41,16,5:45 AM,819
6/30/2014,FALSE,146,53,3:21 PM,2069,33,604,952,117,0,15,102,108,21,1194,8:27 PM,713
7/1/2014,TRUE,147,54,2:49 AM,8366,26,643,945,77,0,12,118,82,67,219,10:58 AM,800
7/2/2014,TRUE,148,19,3:36 PM,2452,19,469,810,45,0,57,82,38,57,783,9:01 PM,793
7/3/2014,TRUE,149,90,12:23 PM,2687,118,846,982,56,0,99,62,73,82,818,12:23 PM,17
7/4/2014,TRUE,150,21,11:51 AM,4768,99,117,610,8,0,24,67,62,54,920,3:11 PM,683
7/5/2014,TRUE,151,21,10:45 AM,1185,27,838,725,39,0,86,109,107,114,678,8:08 PM,500
7/6/2014,FALSE,152,4,1:24 PM,5460,71,159,975,110,0,53,61,90,108,580,2:30 PM,500
7/7/2014,FALSE,153,95,2:08 AM,1026,92,56,1196,95,0,52,45,42,93,1002,7:05 PM,758
7/8/2014,FALSE,154,9,2:17 AM,9964,119,63,123,26,0,25,47,69,55,594,10:37 AM,360
7/9/2014,FALSE,155,94,6:05 AM,445,29,1103,1122,88,0,13,114,16,102,887,5:21 PM,95
7/10/2014,TRUE,156,76,8:49 AM,364,63,555,139,107,0,16,68,4,8,1102,10:32 AM,693
7/11/2014,TRUE,157,37,9:15 AM,2921,114,807,1041,14,0,9,75,16,90,931,11:04 AM,908
7/12/2014,TRUE,158,51,7:16 AM,4557,109,616,733,40,0,67,84,40,52,306,7:30 AM,14
7/13/2014,FALSE,159,100,12:38 AM,2465,95,685,406,23,0,97,0,63,92,1160,5:27 AM,1115
7/14/2014,FALSE,160,61,4:10 AM,7617,67,526,847,42,0,99,107,117,11,713,3:26 AM,767
7/15/2014,FALSE,161,11,11:34 AM,653,60,697,271,39,0,39,109,108,97,556,2:07 PM,403
7/16/2014,TRUE,162,74,9:06 AM,1240,113,1107,35,112,0,31,58,119,59,1099,8:34 PM,289
7/17/2014,FALSE,163,35,7:14 PM,5258,120,383,855,23,0,32,0,93,120,815,12:00 AM,648
7/18/2014,TRUE,164,3,3:53 PM,3451,68,259,330,2,0,76,103,83,112,1033,3:05 PM,1009
7/19/2014,FALSE,165,58,9:04 PM,6809,52,259,319,32,0,109,44,20,40,35,8:05 AM,59
7/20/2014,FALSE,166,95,3:54 PM,1900,67,529,1055,49,0,104,107,9,89,454,8:24 AM,902
7/21/2014,FALSE,167,61,1:40 AM,3686,55,1009,163,95,0,12,74,64,109,188,3:55 PM,786
7/22/2014,FALSE,168,37,7:39 AM,6486,39,746,943,107,0,96,38,11,38,1189,3:35 AM,29
7/23/2014,TRUE,169,96,8:49 PM,2917,90,595,262,24,0,49,5,56,3,477,5:41 AM,881
7/24/2014,FALSE,170,8,10:12 AM,5747,17,980,1008,96,0,14,105,72,46,1065,6:16 PM,657
7/25/2014,TRUE,171,69,5:25 PM,6814,74,1088,1162,84,0,120,119,86,17,337,9:46 PM,1042
7/26/2014,FALSE,172,7,8:43 PM,1468,81,496,334,51,0,62,113,69,78,342,9:22 PM,829
7/27/2014,FALSE,173,41,12:37 AM,9177,58,29,71,38,0,46,0,94,40,1068,7:20 PM,1154
7/28/2014,FALSE,174,91,6:58 PM,8887,93,97,825,22,0,55,53,100,37,1090,9:40 PM,535
7/29/2014,TRUE,175,89,9:08 AM,9772,30,239,735,42,0,99,42,65,6,1109,3:28 PM,838
7/30/2014,FALSE,176,95,2:26 PM,8407,0,1030,116,102,0,95,55,48,72,813,1:55 AM,731
7/31/2014,TRUE,177,6,2:56 PM,9550,2,355,976,108,0,32,70,112,31,1043,5:44 PM,980
8/1/2014,FALSE,178,45,2:38 PM,3734,1,53,611,1,0,12,84,56,108,733,7:25 AM,150
8/2/2014,FALSE,179,70,4:36 PM,4727,29,833,827,5,0,95,81,84,89,522,8:08 PM,291
8/3/2014,FALSE,180,6,2:01 PM,131,25,544,1156,43,0,52,78,0,96,527,7:42 AM,320
8/4/2014,FALSE,181,67,1:13 AM,6656,93,354,3,11,0,111,83,78,86,141,6:44 AM,856
8/5/2014,TRUE,182,61,10:34 AM,2136,28,67,6,91,0,84,49,99,20,329,5:28 PM,686
8/6/2014,TRUE,183,89,7:27 PM,1674,118,70,945,3,0,85,66,59,99,110,8:54 AM,1151
8/7/2014,TRUE,184,94,3:02 AM,4834,92,861,533,44,0,59,65,21,64,986,11:08 AM,129
8/8/2014,FALSE,185,7,8:19 AM,5291,18,1107,40,98,0,23,19,105,62,302,4:30 AM,830
8/9/2014,TRUE,186,95,3:48 PM,4499,20,280,225,11,0,36,4,2,111,956,2:02 AM,55
8/10/2014,TRUE,187,41,5:55 AM,8403,13,363,857,2,0,35,70,13,106,1000,9:34 AM,122
8/11/2014,TRUE,188,45,9:28 AM,163,36,502,384,70,0,68,39,79,115,1175,10:43 AM,416
8/12/2014,FALSE,189,54,5:37 AM,9518,15,600,1131,48,0,52,101,85,98,417,7:12 AM,181
8/13/2014,TRUE,190,39,10:00 PM,4403,29,1147,545,53,0,9,119,3,15,224,4:05 AM,1122
8/14/2014,FALSE,191,37,10:26 PM,6183,0,767,1033,76,0,78,108,59,65,537,11:54 AM,415
8/15/2014,TRUE,192,51,5:54 AM,3748,32,96,594,114,0,18,69,70,42,1063,6:05 AM,873
8/16/2014,FALSE,193,30,11:41 AM,2586,102,1158,613,103,0,64,19,76,15,278,3:14 PM,1005
8/17/2014,TRUE,194,57,3:32 AM,8641,95,1189,1018,68,0,41,30,118,70,865,12:18 AM,62
8/18/2014,TRUE,195,34,3:22 PM,4976,18,549,620,73,0,67,47,75,71,647,11:45 AM,151
8/19/2014,FALSE,196,77,7:10 AM,774,32,922,57,0,0,59,120,101,47,701,8:33 PM,654
8/20/2014,TRUE,197,39,9:46 AM,3824,48,182,532,107,0,7,13,67,67,715,6:24 PM,635
8/21/2014,TRUE,198,23,5:10 AM,5396,30,595,178,47,0,53,87,73,76,992,9:22 AM,377
8/22/2014,FALSE,199,14,5:34 AM,5848,43,1170,342,40,0,119,33,109,59,724,5:56 AM,478
8/23/2014,TRUE,200,2,4:09 AM,3930,54,1048,484,100,0,35,24,31,22,11,3:09 AM,1164
8/24/2014,TRUE,201,11,6:47 AM,5047,101,126,72,54,0,107,117,2,117,914,5:35 PM,477
8/25/2014,TRUE,202,64,12:54 AM,2056,110,281,260,53,0,94,70,26,39,842,11:40 PM,1099
8/26/2014,TRUE,203,50,10:03 PM,863,48,184,230,6,0,77,12,116,23,436,11:51 PM,591
8/27/2014,FALSE,204,72,5:41 AM,5698,46,28,984,38,0,32,7,33,80,767,5:23 PM,121
8/28/2014,FALSE,205,12,2:36 PM,2127,115,293,396,39,0,118,71,76,24,682,2:26 PM,838
8/29/2014,FALSE,206,72,11:19 PM,4829,99,17,11,96,0,100,8,49,58,1031,8:37 PM,921
8/30/2014,FALSE,207,62,1:47 AM,8380,33,124,836,105,0,116,13,84,63,140,1:02 AM,561
8/31/2014,FALSE,208,35,3:32 PM,9499,77,846,755,14,0,18,41,2,24,485,2:43 PM,528
9/1/2014,TRUE,209,9,8:42 AM,7671,22,305,1054,78,0,114,11,97,86,269,1:55 PM,818
9/2/2014,TRUE,210,54,1:13 PM,5173,75,118,789,58,0,102,47,83,77,949,12:26 PM,958
9/3/2014,FALSE,211,14,9:22 PM,132,32,1108,627,93,0,102,23,42,19,472,6:41 AM,195
9/4/2014,TRUE,212,96,2:07 AM,6630,110,1027,24,21,0,26,49,12,68,457,4:29 AM,206
9/5/2014,TRUE,213,87,2:32 PM,934,76,977,244,28,0,56,112,52,101,333,5:04 PM,859
9/6/2014,FALSE,214,83,9:07 PM,4798,90,292,443,17,0,84,53,74,24,571,8:16 PM,710
9/7/2014,FALSE,215,12,5:45 PM,1664,92,79,933,34,0,99,102,51,84,929,9:02 PM,1077
9/8/2014,TRUE,216,23,2:40 PM,9257,95,54,1147,3,0,65,106,114,26,299,4:43 AM,1112
9/9/2014,FALSE,217,91,5:06 PM,9614,91,759,1195,15,0,113,25,111,120,503,7:38 AM,257
9/10/2014,FALSE,218,65,9:14 AM,334,5,408,181,112,0,67,116,106,56,557,6:07 AM,760
9/11/2014,FALSE,219,65,6:02 AM,8596,104,807,993,67,0,55,80,117,57,899,3:16 PM,431
9/12/2014,TRUE,220,77,1:42 AM,4077,43,642,738,36,0,73,89,105,109,1084,11:17 PM,733
9/13/2014,TRUE,221,53,9:18 PM,942,0,1141,519,25,0,32,35,86,58,112,6:13 PM,995
9/14/2014,TRUE,222,79,5:58 AM,8077,25,1187,904,115,0,23,33,101,21,224,11:04 PM,415
9/15/2014,FALSE,223,19,3:24 PM,6082,21,712,1188,50,0,49,84,32,47,1149,11:50 AM,221
9/16/2014,FALSE,224,12,5:29 AM,833,53,258,674,20,0,111,40,103,53,180,9:23 AM,8
9/17/2014,TRUE,225,10,1:24 AM,164,20,933,370,58,0,74,63,98,66,998,4:57 AM,1197
9/18/2014,FALSE,226,55,5:47 PM,4491,51,274,444,54,0,89,88,28,112,447,12:58 PM,478
9/19/2014,TRUE,227,13,6:37 PM,7722,42,1079,853,48,0,32,48,5,14,389,12:42 PM,1200
9/20/2014,FALSE,228,19,6:52 PM,8660,86,996,978,20,0,26,25,8,52,386,12:08 PM,398
9/21/2014,TRUE,229,84,8:52 PM,2266,93,853,1153,20,0,29,33,25,1,1191,2:50 AM,1200
9/22/2014,TRUE,230,24,2:30 PM,4748,113,266,365,88,0,3,93,54,4,599,5:15 AM,771
9/23/2014,FALSE,231,70,9:03 PM,3905,87,1146,847,62,0,18,23,31,88,954,6:30 AM,1163
9/24/2014,TRUE,232,89,10:16 PM,2069,13,1088,1180,98,0,86,60,73,57,1095,12:51 AM,849
9/25/2014,FALSE,233,27,5:56 AM,9111,79,652,118,67,0,23,116,11,76,353,9:13 AM,739
9/26/2014,FALSE,234,64,11:00 PM,1964,100,275,805,46,0,57,33,93,12,50,4:35 AM,120
9/27/2014,FALSE,235,42,8:52 PM,4463,19,639,1200,100,0,87,26,71,74,971,11:39 PM,382
9/28/2014,FALSE,236,56,10:27 PM,8764,103,47,580,44,0,33,44,76,93,112,7:03 PM,31
9/29/2014,TRUE,237,2,8:27 PM,7625,23,399,918,77,0,2,14,80,10,1077,12:41 PM,578
9/30/2014,TRUE,238,19,9:53 PM,8145,18,1078,862,93,0,56,108,103,69,597,3:40 AM,800
10/1/2014,TRUE,239,20,4:39 AM,8578,86,650,56,8,0,108,118,16,111,134,12:05 AM,206
10/2/2014,TRUE,240,68,8:45 AM,7509,3,988,1138,110,0,84,62,70,112,423,11:29 AM,1117
10/3/2014,FALSE,241,35,3:45 PM,4343,76,857,1084,66,0,78,111,83,45,1132,7:55 PM,896
10/4/2014,TRUE,242,91,4:21 PM,7900,3,464,854,43,0,67,52,20,16,547,1:17 PM,1054
10/5/2014,FALSE,243,74,8:58 AM,95,67,343,885,91,0,113,5,22,18,454,11:10 AM,1051
10/6/2014,TRUE,244,20,9:10 PM,1845,58,331,347,49,0,2,41,64,0,781,1:38 PM,397
10/7/2014,FALSE,245,11,1:11 AM,5393,74,515,809,114,0,102,59,12,2,229,7:34 PM,1027
10/8/2014,TRUE,246,78,8:13 AM,8062,71,895,52,37,0,44,11,115,73,864,12:26 PM,838
10/9/2014,TRUE,247,44,3:19 AM,2093,56,81,174,84,0,82,103,62,23,474,5:47 PM,870
10/10/2014,FALSE,248,54,3:14 AM,5433,63,279,548,80,0,71,18,111,47,285,12:51 PM,87
10/11/2014,FALSE,249,55,7:18 AM,1732,71,64,1105,83,0,113,112,61,68,827,7:46 AM,188
10/12/2014,FALSE,250,49,3:04 AM,5309,27,3,577,26,0,32,9,54,87,1018,1:49 PM,168
10/13/2014,FALSE,251,7,3:43 AM,2999,88,613,836,91,0,118,20,107,86,124,8:57 AM,920
10/14/2014,TRUE,252,18,11:19 PM,3107,37,893,1080,34,0,66,25,48,33,197,5:49 PM,183
10/15/2014,TRUE,253,86,4:49 AM,3544,85,241,1066,53,0,31,53,30,77,262,9:49 PM,493
10/16/2014,FALSE,254,23,1:18 PM,4272,65,660,176,41,0,87,44,43,24,180,10:48 AM,90
10/17/2014,TRUE,255,63,1:02 AM,4347,119,633,1079,66,0,2,102,83,73,630,9:16 PM,381
10/18/2014,FALSE,256,34,9:09 PM,7657,45,91,673,41,0,50,41,63,23,1095,11:49 PM,393
10/19/2014,FALSE,257,63,9:59 AM,681,114,247,320,111,0,71,70,85,79,650,9:55 PM,594
10/20/2014,FALSE,258,26,4:37 AM,5652,101,726,1033,95,0,40,110,99,112,1107,11:00 AM,447
10/21/2014,FALSE,259,62,3:55 AM,7875,16,661,503,55,0,118,2,19,79,773,9:23 AM,851
10/22/2014,TRUE,260,70,12:34 AM,1325,79,44,1060,73,0,33,66,32,116,350,12:28 AM,1069
10/23/2014,TRUE,261,63,10:34 PM,880,94,471,150,81,0,64,113,97,15,544,10:07 PM,937
10/24/2014,TRUE,262,26,9:15 AM,4139,95,754,1129,7,0,21,3,9,5,812,5:48 PM,988
10/25/2014,FALSE,263,22,1:26 AM,3227,118,502,606,77,0,5,101,97,17,771,12:35 PM,1121
10/26/2014,TRUE,264,67,1:02 AM,2628,99,833,355,37,0,68,12,95,17,905,10:19 PM,423
10/27/2014,FALSE,265,20,9:13 AM,3191,89,427,98,92,0,31,84,30,27,476,9:16 AM,184
10/28/2014,TRUE,266,12,4:34 PM,8783,41,287,1155,96,0,61,56,39,14,619,1:08 AM,1130
10/29/2014,FALSE,267,91,3:57 PM,4491,115,933,960,2,0,117,105,120,25,235,4:13 AM,660
10/30/2014,FALSE,268,27,9:22 AM,7923,67,562,659,53,0,3,35,54,98,879,6:01 PM,526
10/31/2014,FALSE,269,14,3:43 AM,1188,30,778,373,61,0,84,60,62,120,226,4:41 AM,137
11/1/2014,FALSE,270,44,8:03 PM,4211,53,561,317,13,0,110,10,19,63,734,2:05 AM,1062
11/2/2014,TRUE,271,48,8:54 AM,9635,29,658,1087,42,0,66,41,61,14,859,12:16 AM,735
11/3/2014,FALSE,272,85,2:29 AM,1145,31,1118,367,114,0,100,120,11,10,605,12:42 PM,562
11/4/2014,FALSE,273,46,4:25 PM,9586,80,354,32,59,0,21,32,57,97,978,8:16 AM,594
11/5/2014,TRUE,274,32,6:41 AM,4174,97,828,119,71,0,67,114,59,104,741,6:49 AM,590
11/6/2014,TRUE,275,67,5:27 AM,945,86,706,736,41,0,41,57,20,100,1109,12:17 AM,65
11/7/2014,FALSE,276,33,9:02 PM,2299,62,514,805,37,0,81,83,57,115,1183,5:08 AM,1067
11/8/2014,FALSE,277,37,5:56 AM,2660,81,307,178,18,0,36,36,43,93,351,1:37 AM,530
11/9/2014,FALSE,278,95,10:41 PM,5309,27,519,687,19,0,1,30,109,111,67,4:59 AM,806
11/10/2014,FALSE,279,46,12:07 AM,672,3,317,937,95,0,101,14,109,58,106,5:50 PM,848
11/11/2014,TRUE,280,23,5:32 AM,9627,50,616,706,78,0,20,43,14,31,752,12:14 PM,691
11/12/2014,TRUE,281,25,5:20 PM,7877,43,598,418,21,0,30,85,30,84,1058,11:55 PM,378
11/13/2014,FALSE,282,62,11:34 PM,4671,45,191,100,10,0,33,82,85,100,1060,6:33 AM,1060
11/14/2014,TRUE,283,14,6:51 PM,6592,10,1109,988,43,0,69,58,4,54,794,8:16 AM,532
11/15/2014,FALSE,284,45,8:46 AM,7252,22,1190,960,63,0,56,119,46,87,640,8:53 PM,595
11/16/2014,TRUE,285,56,7:07 AM,8520,26,915,976,102,0,4,109,81,50,929,4:20 PM,349
11/17/2014,FALSE,286,55,3:59 PM,3441,57,379,203,46,0,58,116,46,63,497,4:24 PM,809
11/18/2014,FALSE,287,61,5:02 AM,111,105,710,216,1,0,6,37,6,35,837,11:55 AM,357
11/19/2014,FALSE,288,51,5:25 AM,1828,62,872,294,115,0,62,8,26,12,214,12:15 AM,861
11/20/2014,FALSE,289,75,8:51 PM,1814,42,643,162,51,0,46,53,108,4,435,1:56 AM,459
11/21/2014,TRUE,290,90,4:34 PM,2364,23,33,844,70,0,6,37,75,67,769,11:54 AM,609
11/22/2014,FALSE,291,51,3:56 PM,3786,68,542,321,41,0,6,46,68,12,671,9:07 PM,1152
11/23/2014,FALSE,292,74,9:41 AM,5215,58,411,444,107,0,85,2,9,42,431,2:52 PM,511
11/24/2014,TRUE,293,38,1:09 AM,9166,96,242,999,0,0,62,22,71,87,434,7:41 PM,1094
11/25/2014,TRUE,294,90,1:42 AM,5249,26,581,385,75,0,5,3,18,78,545,7:36 PM,849
11/26/2014,TRUE,295,52,2:12 AM,5864,113,621,1037,17,0,67,55,106,98,1030,3:46 PM,117
11/27/2014,FALSE,296,40,4:37 PM,6928,14,238,832,85,0,50,73,54,79,923,4:49 PM,691
11/28/2014,FALSE,297,26,4:24 AM,278,74,766,214,78,0,42,93,112,0,480,12:50 AM,1080
11/29/2014,TRUE,298,42,4:30 AM,2758,95,45,324,72,0,89,63,86,115,426,1:41 AM,885
11/30/2014,FALSE,299,96,9:13 AM,4558,70,1031,664,44,0,76,36,61,53,135,8:33 AM,1162
12/1/2014,FALSE,300,89,1:46 PM,6621,50,486,877,81,0,12,100,99,3,120,4:41 AM,906
12/2/2014,TRUE,301,32,6:54 AM,7013,84,995,1049,80,0,40,3,80,52,906,8:41 AM,70
12/3/2014,FALSE,302,75,8:50 AM,3181,2,874,1054,20,0,71,118,98,25,748,6:48 AM,70
12/4/2014,FALSE,303,68,12:33 PM,9120,22,659,1127,43,0,63,63,94,100,252,8:23 PM,1177
12/5/2014,TRUE,304,63,8:55 PM,6039,53,419,1122,58,0,70,14,97,35,190,5:42 AM,295
12/6/2014,FALSE,305,29,6:02 AM,6023,25,944,372,118,0,31,60,92,106,71,5:12 AM,567
12/7/2014,TRUE,306,93,11:28 PM,8715,84,125,1053,23,0,50,99,89,17,3,8:24 AM,682
12/8/2014,FALSE,307,21,1:11 AM,3194,65,1070,452,87,0,119,58,92,11,535,2:47 AM,850
12/9/2014,FALSE,308,58,6:52 AM,1521,32,811,161,36,0,82,90,110,54,947,9:37 PM,546
12/10/2014,TRUE,309,61,8:14 PM,7071,21,664,329,94,0,92,23,9,117,256,8:14 AM,1070
12/11/2014,TRUE,310,28,8:12 PM,213,118,641,550,87,0,110,119,24,48,369,10:25 PM,332
12/12/2014,TRUE,311,9,3:03 PM,8812,116,590,122,23,0,106,84,29,10,970,2:28 AM,138
12/13/2014,TRUE,312,74,7:51 PM,2586,110,1024,272,65,0,48,113,103,56,677,12:24 PM,986
12/14/2014,TRUE,313,6,6:59 PM,657,27,709,453,98,0,65,29,22,95,51,4:26 PM,1114
12/15/2014,TRUE,314,34,5:37 PM,1224,31,12,76,45,0,117,106,76,44,405,2:46 PM,340
12/16/2014,TRUE,315,63,5:38 PM,4034,65,879,184,39,0,93,89,31,58,753,5:08 PM,253
12/17/2014,TRUE,316,34,11:11 PM,3159,29,105,808,83,0,110,14,99,94,963,8:09 AM,229
12/18/2014,FALSE,317,20,11:12 PM,9330,26,349,270,34,0,115,1,54,118,991,3:27 PM,225
12/19/2014,FALSE,318,70,12:07 PM,7437,66,458,105,44,0,108,74,95,61,1172,2:01 PM,189
12/20/2014,TRUE,319,24,12:23 PM,5726,79,1169,551,43,0,72,59,59,96,622,4:51 PM,284
12/21/2014,TRUE,320,94,5:07 AM,3396,6,605,1199,35,0,18,118,91,85,287,4:59 PM,365
12/22/2014,FALSE,321,99,1:51 AM,3423,71,774,28,79,0,62,59,84,23,648,8:30 AM,349
12/23/2014,FALSE,322,39,11:23 AM,6610,30,270,624,117,0,19,96,47,39,792,7:51 PM,412
12/24/2014,FALSE,323,4,7:41 AM,9382,79,1099,21,54,0,30,116,96,64,878,6:01 AM,637
12/25/2014,FALSE,324,3,8:26 PM,6600,47,695,901,72,0,68,98,115,111,22,7:06 AM,908
12/26/2014,TRUE,325,41,6:02 AM,1813,55,25,896,91,0,115,77,70,94,1168,3:45 PM,28
12/27/2014,FALSE,326,90,2:39 AM,6733,68,221,649,90,0,12,21,47,5,123,7:58 PM,1058
12/28/2014,TRUE,327,80,12:45 PM,7445,13,834,141,36,0,27,26,64,101,755,12:21 AM,989
12/29/2014,FALSE,328,87,11:07 AM,619,105,521,284,2,0,101,39,97,82,856,1:58 PM,256
12/30/2014,FALSE,329,67,5:06 PM,2614,52,200,418,0,0,56,84,89,116,533,3:13 PM,563
12/31/2014,FALSE,330,16,12:41 AM,1261,28,346,1097,110,0,6,68,28,53,1158,12:30 AM,474
1/1/2015,FALSE,331,49,4:41 AM,4352,7,249,923,48,0,91,45,76,45,1151,1:15 AM,743
1/2/2015,TRUE,332,98,12:34 AM,6935,8,1118,382,71,0,23,112,25,63,638,12:13 AM,762
1/3/2015,TRUE,333,17,9:24 PM,3695,120,22,149,41,0,41,41,22,49,509,5:32 AM,766
1/4/2015,FALSE,334,18,10:15 AM,1059,28,835,1069,53,0,4,93,47,75,685,4:43 AM,311
1/5/2015,TRUE,335,2,11:26 PM,7083,15,217,860,25,0,99,37,39,52,888,5:25 PM,557
1/6/2015,TRUE,336,32,7:58 AM,9689,66,915,619,102,0,107,104,75,17,743,12:13 PM,329
1/7/2015,TRUE,337,17,4:07 AM,4625,26,348,912,10,0,36,88,4,31,1077,7:23 AM,817
1/8/2015,TRUE,338,85,10:27 PM,7974,52,791,10,68,0,39,1,52,82,148,7:20 AM,921
1/9/2015,TRUE,339,80,6:44 AM,326,45,783,343,113,0,109,101,103,98,437,9:53 AM,901
1/10/2015,FALSE,340,86,11:31 AM,2492,107,246,840,17,0,40,34,17,40,1151,7:51 PM,469
1/11/2015,FALSE,341,87,7:23 PM,8195,6,434,78,13,0,17,18,8,15,219,7:04 PM,46
1/12/2015,FALSE,342,15,5:50 AM,1405,33,298,163,64,0,30,65,86,42,747,9:32 PM,902
1/13/2015,FALSE,343,58,6:53 AM,6777,28,502,519,109,0,76,39,104,62,292,4:08 PM,625
1/14/2015,FALSE,344,79,1:45 AM,2593,98,914,1084,81,0,100,65,17,39,292,7:41 AM,679
1/15/2015,FALSE,345,62,7:31 PM,6959,36,840,194,13,0,33,0,83,47,566,3:57 PM,104
1/16/2015,FALSE,346,26,8:05 AM,822,109,870,710,114,0,63,108,67,17,426,2:12 PM,961
1/17/2015,FALSE,347,74,11:02 AM,7510,64,850,1,31,0,3,114,96,116,1062,2:53 PM,1191
1/18/2015,FALSE,348,35,3:34 AM,1260,25,991,65,30,0,30,50,42,100,749,11:19 AM,497
1/19/2015,FALSE,349,65,7:05 AM,1162,95,871,358,59,0,113,80,108,46,726,5:05 AM,331
1/20/2015,TRUE,350,84,9:42 PM,5862,59,191,26,9,0,98,68,112,22,249,11:21 AM,886
1/21/2015,FALSE,351,14,1:09 PM,5525,45,850,1198,0,0,100,15,11,42,361,3:33 AM,999
1/22/2015,FALSE,352,82,4:59 PM,8701,106,1056,622,41,0,3,10,47,13,96,1:15 AM,242
1/23/2015,TRUE,353,72,9:27 PM,4675,28,1143,8,24,0,79,28,44,30,490,9:41 AM,603
1/24/2015,FALSE,354,56,2:11 PM,9981,46,736,284,52,0,75,17,112,30,986,6:50 PM,915
1/25/2015,FALSE,355,11,12:35 PM,9341,5,830,150,6,0,62,79,52,25,271,3:01 PM,531
1/26/2015,FALSE,356,31,10:00 PM,8021,15,398,627,35,0,34,30,71,81,704,1:52 AM,401
1/27/2015,FALSE,357,53,11:45 AM,4825,57,200,980,120,0,89,62,36,93,534,9:39 PM,1085
1/28/2015,FALSE,358,1,1:33 AM,6218,84,916,290,113,0,120,41,18,107,195,3:26 AM,302
1/29/2015,TRUE,359,58,8:04 AM,6446,76,841,1164,115,0,100,47,12,53,88,12:49 AM,883
1/30/2015,TRUE,360,7,4:28 AM,7210,101,168,1042,105,0,91,48,22,1,59,11:17 AM,247
1/31/2015,FALSE,361,81,5:44 AM,9470,93,851,322,59,0,119,97,92,2,519,8:56 PM,98
2/1/2015,FALSE,362,89,12:03 AM,4101,94,1128,989,70,0,38,93,89,49,1143,5:47 PM,1017
2/2/2015,TRUE,363,94,12:44 PM,5922,75,838,893,53,0,11,100,71,12,337,2:12 PM,530
2/3/2015,TRUE,364,4,5:37 AM,2965,18,1171,234,99,0,10,42,91,4,260,5:03 AM,454
2/4/2015,TRUE,365,91,2:44 PM,7853,33,432,135,41,0,107,34,120,31,23,10:11 AM,520
2/5/2015,TRUE,366,19,6:53 PM,5323,111,540,163,22,0,83,4,39,8,1197,11:49 PM,308
2/6/2015,TRUE,367,4,3:46 PM,6683,53,40,228,91,0,30,91,47,1,1121,10:46 PM,842
2/7/2015,FALSE,368,66,6:12 PM,1762,102,649,95,32,0,41,14,28,51,956,10:44 PM,110
2/8/2015,TRUE,369,12,6:47 PM,6308,74,515,505,32,0,110,119,89,112,623,6:25 PM,1096
2/9/2015,FALSE,370,68,4:41 PM,4632,119,773,314,32,0,78,52,82,75,650,4:39 PM,988
2/10/2015,TRUE,371,62,7:51 AM,8318,57,793,1059,104,0,26,81,40,88,37,2:53 AM,159
2/11/2015,FALSE,372,85,8:43 PM,2017,110,717,63,63,0,96,36,78,108,751,2:28 PM,579
2/12/2015,TRUE,373,15,9:13 PM,7691,64,616,230,101,0,90,117,38,33,394,12:22 AM,888
2/13/2015,TRUE,374,84,6:29 AM,9034,66,743,1140,95,0,7,90,3,48,436,6:01 AM,1158
2/14/2015,FALSE,375,67,7:29 PM,728,115,243,946,44,0,11,68,9,32,748,4:55 PM,765
2/15/2015,TRUE,376,23,10:30 PM,9152,11,625,475,72,0,97,0,49,88,976,9:42 AM,466
2/16/2015,FALSE,377,100,10:38 PM,2425,11,705,362,67,0,100,31,10,63,1154,3:39 PM,1155
2/17/2015,TRUE,378,69,9:07 AM,3948,6,659,1020,71,0,65,77,105,58,1119,10:45 AM,817
2/18/2015,TRUE,379,16,4:10 AM,9996,31,1120,59,103,0,34,5,61,12,266,9:51 PM,1050
2/19/2015,FALSE,380,59,4:01 AM,2331,61,180,923,18,0,35,120,106,13,11,2:40 PM,724
2/20/2015,TRUE,381,37,4:27 AM,978,31,552,744,34,0,74,7,92,56,268,9:28 AM,943
2/21/2015,TRUE,382,66,6:35 AM,2864,4,803,544,117,0,120,82,108,74,345,2:38 AM,944
2/22/2015,TRUE,383,1,7:19 AM,4016,41,89,222,34,0,53,119,35,34,793,8:02 AM,1005
2/23/2015,FALSE,384,87,10:13 AM,6966,87,1014,609,89,0,25,95,69,67,1022,5:29 PM,42
2/24/2015,FALSE,385,70,7:02 AM,2783,96,737,774,76,0,28,9,42,78,730,6:59 PM,998
2/25/2015,TRUE,386,47,2:22 AM,4441,46,726,158,99,0,21,64,36,50,852,12:34 AM,313
2/26/2015,TRUE,387,19,3:25 PM,550,21,1183,1070,41,0,105,112,50,66,918,7:53 PM,938
2/27/2015,TRUE,388,40,6:29 PM,7951,94,12,466,83,0,9,17,114,101,539,10:01 AM,935
2/28/2015,TRUE,389,43,3:00 PM,1888,78,1148,808,82,0,75,25,105,25,394,4:05 PM,656
3/1/2015,TRUE,390,10,12:56 PM,4759,99,1052,698,76,0,65,62,29,57,794,8:55 PM,118
3/2/2015,TRUE,391,61,5:22 AM,1778,114,588,440,111,0,96,19,76,102,334,11:15 AM,1175
3/3/2015,TRUE,392,4,6:44 AM,4696,39,7,999,16,0,88,117,11,79,150,10:13 PM,295
3/4/2015,FALSE,393,88,12:23 PM,7906,79,756,835,23,0,106,31,109,119,240,11:47 AM,134
3/5/2015,TRUE,394,80,10:44 PM,5672,80,1010,762,85,0,23,101,119,14,136,1:10 AM,1060
3/6/2015,TRUE,395,41,12:46 AM,3872,100,419,509,30,0,54,42,73,88,962,5:53 AM,275
3/7/2015,TRUE,396,36,9:05 PM,130,65,184,208,85,0,117,105,57,99,570,4:28 PM,552
3/8/2015,FALSE,397,71,6:45 PM,245,77,146,1161,96,0,55,43,45,56,1055,5:13 AM,260
3/9/2015,TRUE,398,43,10:05 PM,1304,7,82,597,50,0,78,78,51,64,998,5:38 AM,661
3/10/2015,FALSE,399,62,6:06 AM,9607,32,538,213,55,0,105,18,24,18,686,9:50 AM,791
3/11/2015,TRUE,400,88,5:22 AM,1010,120,455,20,91,0,78,47,112,13,1177,11:34 PM,666
3/12/2015,FALSE,401,47,3:25 PM,236,63,404,675,27,0,46,16,96,24,535,10:55 PM,581
3/13/2015,FALSE,402,10,7:48 PM,517,50,443,128,113,0,44,5,22,53,378,6:56 PM,972
3/14/2015,TRUE,403,1,10:09 PM,436,48,571,466,71,0,78,64,21,107,209,12:49 PM,560
3/15/2015,FALSE,404,24,2:58 PM,2133,50,225,276,106,0,102,59,71,104,975,11:04 AM,698
3/16/2015,TRUE,405,75,11:07 AM,94,86,662,515,45,0,63,107,55,116,508,6:21 AM,1195
3/17/2015,TRUE,406,11,11:42 PM,1233,35,83,4,115,0,100,28,106,11,1179,6:00 PM,646
3/18/2015,TRUE,407,69,1:20 PM,9898,9,223,237,55,0,63,54,75,49,45,2:52 PM,673
3/19/2015,TRUE,408,88,9:14 AM,9057,71,436,354,58,0,19,103,62,16,1012,8:00 AM,1160
3/20/2015,TRUE,409,37,6:54 AM,1846,90,424,765,45,0,5,46,87,3,416,5:42 AM,44
3/21/2015,TRUE,410,64,5:07 PM,3197,38,1123,936,50,0,70,63,78,68,533,9:55 AM,1185
3/22/2015,TRUE,411,18,1:26 AM,1779,106,549,1000,14,0,9,25,120,20,1030,9:40 PM,766
3/23/2015,FALSE,412,1,1:42 PM,3057,21,1148,429,65,0,49,87,89,105,1045,5:58 PM,867
3/24/2015,TRUE,413,89,6:54 AM,1907,90,1172,266,8,0,53,110,22,36,1084,10:58 AM,575
3/25/2015,TRUE,414,61,7:29 AM,8411,58,336,193,2,0,44,3,54,85,385,8:05 AM,891
3/26/2015,TRUE,415,90,4:22 AM,2653,16,543,388,49,0,33,24,32,9,1174,9:47 AM,130
3/27/2015,TRUE,416,44,9:55 AM,8719,53,1107,178,117,0,114,69,119,8,586,6:01 PM,570
3/28/2015,TRUE,417,89,12:53 AM,7505,92,900,345,109,0,47,39,20,75,154,5:31 AM,662
3/29/2015,TRUE,418,47,10:03 PM,6838,60,782,284,111,0,16,12,100,93,481,12:19 AM,141
3/30/2015,FALSE,419,100,3:26 PM,9142,65,554,31,12,0,103,118,108,120,835,11:18 AM,458
3/31/2015,FALSE,420,3,5:55 PM,7569,93,598,706,44,0,87,33,53,102,40,1:26 AM,919
4/1/2015,FALSE,421,33,6:22 PM,8780,69,315,123,61,0,93,104,78,46,1039,6:42 PM,970
4/2/2015,FALSE,422,60,6:49 PM,5531,94,162,362,29,0,51,36,99,119,810,11:15 AM,98
4/3/2015,TRUE,423,13,11:04 PM,9096,12,1064,1195,62,0,71,5,61,108,6,5:07 AM,847
4/4/2015,TRUE,424,4,6:13 AM,9014,83,974,882,77,0,106,76,108,71,534,5:15 AM,1100
4/5/2015,TRUE,425,73,7:54 AM,962,61,679,642,93,0,23,44,63,47,734,9:48 PM,540
4/6/2015,FALSE,426,72,7:45 PM,4234,49,303,1075,49,0,98,23,21,36,810,3:46 AM,1035
4/7/2015,FALSE,427,82,11:00 AM,7718,11,724,881,46,0,35,63,89,5,262,11:34 PM,1066
4/8/2015,FALSE,428,47,9:21 AM,6364,65,506,50,91,0,8,62,111,78,609,8:15 AM,359
4/9/2015,TRUE,429,34,3:42 AM,7018,54,1199,207,13,0,34,8,41,8,333,10:55 AM,189
4/10/2015,TRUE,430,43,12:47 PM,1113,55,772,505,54,0,56,113,1,88,988,8:57 AM,876
4/11/2015,FALSE,431,93,11:54 PM,9682,33,347,1089,69,0,103,50,49,41,215,8:40 PM,1163
4/12/2015,FALSE,432,13,3:58 PM,5208,110,539,64,91,0,88,40,87,65,554,11:22 PM,97
4/13/2015,TRUE,433,87,4:03 AM,8860,18,63,206,33,0,57,120,50,26,567,6:59 AM,967
4/14/2015,FALSE,434,83,4:23 PM,3335,30,1060,895,56,0,49,91,109,25,79,7:28 AM,1038
4/15/2015,TRUE,435,26,6:10 AM,7224,26,630,863,79,0,36,77,57,92,518,5:21 PM,262
4/16/2015,TRUE,436,61,7:51 AM,5851,91,786,1137,102,0,90,9,57,3,857,9:21 PM,169
4/17/2015,TRUE,437,99,6:45 AM,9602,80,581,508,120,0,39,71,45,27,93,4:57 PM,1156
4/18/2015,FALSE,438,69,8:03 AM,6299,33,1036,126,57,0,38,40,20,7,162,3:43 AM,378
4/19/2015,FALSE,439,73,4:30 PM,8090,37,551,434,0,0,111,74,41,32,761,7:15 PM,845
4/20/2015,TRUE,440,63,7:25 PM,3682,75,907,1023,74,0,55,100,12,29,1021,2:37 PM,553
4/21/2015,TRUE,441,13,4:23 AM,8460,120,1187,185,98,0,6,43,6,6,373,6:22 AM,312
4/22/2015,FALSE,442,31,8:36 AM,3995,116,509,1000,15,0,69,30,56,77,12,5:51 PM,27
4/23/2015,TRUE,443,32,1:01 AM,656,48,21,874,48,0,106,17,61,32,641,2:23 PM,156
4/24/2015,TRUE,444,1,7:33 AM,9302,51,1014,311,30,0,60,70,51,47,586,8:04 AM,806
4/25/2015,TRUE,445,35,7:13 AM,7610,114,1042,653,49,0,74,60,47,13,879,6:01 AM,737
4/26/2015,FALSE,446,65,2:22 AM,8677,25,295,896,50,0,51,33,60,35,887,3:01 AM,637
4/27/2015,TRUE,447,22,2:52 PM,2765,83,1052,251,104,0,12,75,32,101,1198,5:19 AM,397
4/28/2015,FALSE,448,19,1:23 AM,6300,47,134,115,89,0,96,19,94,66,1043,9:56 AM,963
4/29/2015,TRUE,449,37,10:42 PM,1227,68,1050,75,26,0,66,116,61,78,231,10:32 AM,472
4/30/2015,FALSE,450,5,3:36 PM,5748,29,329,114,29,0,29,5,0,119,860,1:56 PM,201
5/1/2015,TRUE,451,44,11:33 PM,3047,91,1028,1101,23,0,44,86,15,113,285,10:24 AM,707
5/2/2015,FALSE,452,14,1:45 AM,4650,114,145,1059,96,0,108,97,89,27,442,11:03 AM,912
5/3/2015,FALSE,453,31,9:11 AM,1430,82,193,616,2,0,53,29,91,59,788,9:23 PM,916
5/4/2015,FALSE,454,93,5:33 AM,9173,91,711,865,4,0,66,118,11,103,944,12:48 AM,686
5/5/2015,TRUE,455,4,11:34 AM,8478,59,970,962,73,0,105,107,29,2,329,6:17 AM,580
5/6/2015,FALSE,456,5,2:30 AM,1210,76,798,643,11,0,37,113,69,68,583,6:16 PM,326
5/7/2015,FALSE,457,51,4:54 PM,8947,92,19,607,83,0,113,45,59,34,1018,8:28 AM,235
5/8/2015,TRUE,458,71,11:34 AM,9827,99,219,341,43,0,99,108,88,44,149,9:01 AM,602
5/9/2015,TRUE,459,34,7:59 PM,8051,87,752,660,84,0,19,107,118,75,166,1:12 AM,531
5/10/2015,FALSE,460,59,5:42 AM,3674,120,942,998,62,0,75,57,33,110,421,12:45 AM,182
5/11/2015,TRUE,461,69,7:35 PM,1572,25,1083,205,36,0,59,44,53,60,84,2:06 PM,942
5/12/2015,FALSE,462,71,5:48 AM,7591,102,958,295,27,0,117,108,15,24,180,1:46 AM,834
5/13/2015,TRUE,463,70,2:48 AM,6832,106,152,120,34,0,38,93,55,0,1090,4:20 AM,883
5/14/2015,TRUE,464,15,11:36 PM,4988,58,783,765,104,0,46,24,55,82,610,6:29 PM,474
5/15/2015,TRUE,465,95,5:50 PM,4295,38,933,652,94,0,46,31,117,56,595,2:23 PM,180
5/16/2015,FALSE,466,47,3:56 PM,312,51,823,979,63,0,84,38,69,67,38,8:35 PM,1179
5/17/2015,TRUE,467,75,3:08 AM,1309,98,858,198,108,0,83,94,113,106,1184,8:10 PM,816
5/18/2015,FALSE,468,1,9:18 AM,5888,39,751,544,105,0,116,58,52,75,819,9:24 PM,763
5/19/2015,TRUE,469,55,7:50 PM,3171,6,542,1,103,0,50,21,71,33,366,11:26 AM,144
5/20/2015,TRUE,470,33,6:13 AM,393,72,20,53,40,0,103,74,94,70,1024,2:36 PM,340
5/21/2015,TRUE,471,49,5:15 AM,2461,37,220,990,28,0,53,24,88,96,9,8:45 AM,507
5/22/2015,FALSE,472,39,2:38 PM,2842,74,377,793,13,0,71,24,46,79,217,4:43 PM,817
5/23/2015,TRUE,473,16,2:52 AM,2166,34,897,625,79,0,89,32,28,51,1002,11:23 PM,499
5/24/2015,FALSE,474,20,6:19 PM,268,109,885,619,26,0,21,22,29,62,764,9:36 PM,578
5/25/2015,FALSE,475,26,5:41 PM,9390,49,21,991,72,0,33,19,110,87,289,9:21 PM,321
5/26/2015,FALSE,476,35,4:04 PM,5546,83,1014,352,65,0,10,70,44,117,566,2:42 PM,466
5/27/2015,TRUE,477,49,1:51 AM,9364,120,792,717,102,0,76,11,61,89,1077,9:08 PM,4
5/28/2015,FALSE,478,14,5:53 AM,472,117,261,610,86,0,75,83,13,17,111,10:52 PM,432
5/29/2015,FALSE,479,61,3:21 PM,6971,11,236,645,56,0,113,31,36,56,1111,12:28 PM,1151
5/30/2015,TRUE,480,72,5:16 AM,8307,63,750,981,88,0,8,87,49,64,160,5:06 PM,942
5/31/2015,FALSE,481,76,8:33 AM,1326,29,509,940,95,0,53,87,15,19,1107,3:44 AM,993
6/1/2015,TRUE,482,69,11:53 PM,7492,28,23,846,19,0,102,49,52,84,322,2:28 AM,82
6/2/2015,FALSE,483,92,4:37 PM,7242,103,512,1175,58,0,55,107,3,75,1142,10:27 PM,380
6/3/2015,TRUE,484,22,2:58 PM,7564,37,681,933,110,0,32,61,60,106,820,10:52 AM,657
6/4/2015,FALSE,485,48,7:28 AM,7543,98,582,759,94,0,9,34,82,12,148,3:00 PM,754
6/5/2015,TRUE,486,100,4:49 AM,5896,14,574,648,4,0,109,63,96,21,377,8:56 PM,207
6/6/2015,TRUE,487,38,6:32 PM,4795,113,31,157,60,0,12,84,34,102,59,12:59 PM,1140
6/7/2015,FALSE,488,97,9:38 AM,2583,107,12,267,35,0,58,100,10,12,519,4:55 AM,481
6/8/2015,FALSE,489,26,3:12 PM,3538,109,345,70,0,0,113,105,58,80,695,12:55 AM,1076
6/9/2015,TRUE,490,92,2:04 PM,1043,39,291,354,116,0,48,85,7,45,89,3:43 AM,200
6/10/2015,FALSE,491,15,3:01 PM,7176,11,472,950,43,0,73,105,10,70,561,8:39 AM,159
6/11/2015,FALSE,492,72,5:41 PM,188,66,989,878,26,0,20,1,80,101,941,4:04 PM,602
6/12/2015,TRUE,493,73,10:47 AM,5603,63,1012,484,91,0,44,89,29,40,106,10:03 AM,371
6/13/2015,FALSE,494,90,8:06 PM,4056,75,1025,1072,5,0,18,32,32,111,423,9:03 PM,112
6/14/2015,FALSE,495,9,10:03 AM,6516,101,891,32,17,0,64,58,110,79,471,10:10 AM,196
6/15/2015,FALSE,496,23,4:13 PM,1178,98,507,440,27,0,35,67,76,57,316,1:57 AM,4
6/16/2015,TRUE,497,79,6:55 PM,5617,23,664,420,26,0,13,79,83,99,818,4:07 AM,963
6/17/2015,TRUE,498,75,8:05 AM,8881,64,300,601,42,0,104,7,109,77,862,8:51 AM,182
6/18/2015,FALSE,499,14,11:28 AM,7642,70,56,590,81,0,74,20,36,29,93,9:44 AM,613
6/19/2015,FALSE,500,34,5:42 AM,5164,107,1021,887,83,0,120,95,114,9,366,4:30 AM,937
6/20/2015,FALSE,501,36,5:13 PM,6011,36,788,1155,49,0,43,10,101,74,499,3:24 PM,989
6/21/2015,FALSE,502,27,5:00 PM,8332,75,943,310,81,0,94,72,33,47,964,6:33 PM,812
6/22/2015,FALSE,503,36,9:17 AM,2574,68,617,962,109,0,61,111,43,53,560,3:50 AM,208
6/23/2015,FALSE,504,45,3:39 PM,9355,111,362,1027,45,0,3,49,22,84,249,11:56 AM,173
6/24/2015,FALSE,505,38,5:48 PM,8502,31,122,707,66,0,45,24,115,31,867,2:59 PM,85
6/25/2015,FALSE,506,13,8:09 AM,9465,114,733,1055,34,0,120,56,37,69,355,2:41 PM,516
6/26/2015,FALSE,507,62,3:30 PM,8294,84,502,842,86,0,2,100,53,88,1086,1:31 AM,1150
6/27/2015,FALSE,508,52,11:43 PM,6463,110,1066,366,94,0,4,8,95,107,259,3:25 AM,1092
6/28/2015,FALSE,509,32,3:34 PM,5504,12,560,612,73,0,92,69,56,40,309,10:30 PM,434
6/29/2015,TRUE,510,71,12:22 AM,6368,87,1096,940,14,0,59,70,46,94,716,2:38 AM,1094
6/30/2015,FALSE,511,93,12:03 PM,1014,59,832,504,46,0,108,117,3,117,821,7:36 AM,654
7/1/2015,TRUE,512,73,10:31 PM,2764,29,861,5,71,0,39,57,109,87,202,1:35 PM,95
7/2/2015,TRUE,513,82,12:09 PM,7487,2,902,312,71,0,83,107,118,77,1093,2:14 PM,210
7/3/2015,FALSE,514,90,5:11 PM,2578,8,1007,72,119,0,66,88,1,44,565,4:46 AM,543
7/4/2015,FALSE,515,50,4:19 PM,6671,20,371,446,58,0,105,51,71,99,464,10:39 AM,331
7/5/2015,TRUE,516,11,1:46 PM,8653,109,170,264,37,0,65,79,9,112,543,2:45 AM,662
7/6/2015,FALSE,517,34,4:42 AM,7099,90,1199,445,58,0,91,39,96,60,988,2:58 PM,237
7/7/2015,FALSE,518,23,12:20 AM,1325,27,364,1002,114,0,103,29,44,81,1042,8:19 AM,296
7/8/2015,FALSE,519,37,12:43 AM,2356,29,83,971,50,0,79,120,116,101,612,10:46 PM,1005
7/9/2015,FALSE,520,77,1:29 AM,244,6,401,562,73,0,80,54,19,49,681,2:27 PM,1171
7/10/2015,TRUE,521,37,3:22 AM,3730,12,650,172,54,0,120,84,108,96,804,11:44 AM,1106
7/11/2015,FALSE,522,72,12:40 PM,8420,2,2,246,64,0,40,31,9,68,47,6:32 PM,529
7/12/2015,TRUE,523,79,6:07 PM,2506,15,341,238,86,0,60,20,113,3,1194,7:40 PM,956
7/13/2015,TRUE,524,18,1:41 PM,8895,47,614,1114,88,0,118,67,85,58,1126,12:14 AM,1117
7/14/2015,TRUE,525,26,1:27 PM,2001,56,125,1087,44,0,94,32,109,27,1011,1:47 AM,403
7/15/2015,TRUE,526,82,2:01 PM,1399,96,369,1162,39,0,36,12,103,42,1073,12:37 AM,575
7/16/2015,FALSE,527,38,2:45 PM,322,91,632,1198,45,0,0,93,30,80,671,11:53 PM,147
7/17/2015,FALSE,528,87,4:41 AM,4721,46,678,359,19,0,21,54,110,80,548,7:29 PM,153
7/18/2015,TRUE,529,99,8:07 PM,4791,114,1124,696,83,0,5,120,85,53,1155,4:01 AM,1031
7/19/2015,FALSE,530,34,12:40 PM,2572,72,293,840,22,0,77,35,100,1,33,8:51 AM,727
7/20/2015,TRUE,531,66,1:14 PM,9206,60,742,602,102,0,1,87,42,104,235,1:33 PM,965
7/21/2015,TRUE,532,80,9:53 PM,7380,48,923,510,36,0,24,89,38,21,1079,6:22 PM,712
7/22/2015,TRUE,533,29,11:09 AM,5121,11,993,918,22,0,1,87,36,61,943,4:13 PM,765
7/23/2015,TRUE,534,51,7:57 AM,5931,93,921,744,91,0,10,48,23,71,824,7:20 PM,597
7/24/2015,FALSE,535,58,5:19 AM,8826,15,554,1172,36,0,47,115,98,34,626,8:43 AM,105
7/25/2015,FALSE,536,56,7:34 AM,2232,37,427,214,91,0,47,59,1,46,833,7:13 AM,1084
7/26/2015,FALSE,537,71,9:49 AM,8535,119,417,863,120,0,119,3,67,55,943,5:21 AM,148
7/27/2015,FALSE,538,52,6:11 PM,6692,1,77,1108,67,0,75,96,9,83,654,4:25 AM,272
7/28/2015,FALSE,539,81,4:12 AM,8667,114,238,1090,119,0,19,53,47,6,737,6:02 AM,1101
7/29/2015,TRUE,540,90,12:58 AM,7917,24,892,304,109,0,95,19,98,67,361,10:32 PM,1016
7/30/2015,FALSE,541,63,5:36 AM,6819,113,171,40,118,0,21,27,17,42,954,7:49 PM,961
7/31/2015,FALSE,542,77,8:07 PM,6993,107,438,840,103,0,96,118,72,59,176,6:59 AM,461
8/1/2015,TRUE,543,69,7:18 AM,7063,40,974,293,18,0,96,21,6,106,495,4:06 PM,1079
8/2/2015,TRUE,544,95,4:09 AM,5020,103,211,312,54,0,4,38,48,50,677,7:52 PM,920
8/3/2015,TRUE,545,89,3:54 AM,7102,110,251,0,77,0,0,71,24,78,890,8:37 PM,1064
8/4/2015,TRUE,546,61,8:45 PM,1612,112,95,565,46,0,59,66,70,78,95,10:57 AM,782
8/5/2015,FALSE,547,76,6:04 AM,8219,91,406,846,56,0,55,59,91,105,1010,3:07 AM,269
8/6/2015,FALSE,548,35,4:27 PM,344,73,1024,741,46,0,51,98,109,119,707,12:29 AM,1185
8/7/2015,TRUE,549,43,6:51 PM,5500,86,1064,800,113,0,77,27,39,49,222,2:35 PM,683
8/8/2015,FALSE,550,55,7:50 AM,3141,88,714,968,63,0,45,101,92,94,296,6:14 PM,133
8/9/2015,FALSE,551,85,1:45 AM,8794,22,208,298,63,0,8,82,22,34,994,2:07 AM,1129
8/10/2015,FALSE,552,81,11:12 PM,2461,15,253,1163,35,0,32,67,40,75,823,7:49 PM,788
8/11/2015,FALSE,553,60,11:23 PM,6687,106,375,447,108,0,10,12,69,85,92,2:41 AM,486
8/12/2015,TRUE,554,40,1:01 AM,919,100,625,405,16,0,37,45,59,109,415,2:35 AM,485
8/13/2015,FALSE,555,90,10:15 PM,9956,83,440,68,24,0,3,40,112,9,80,8:19 AM,674
8/14/2015,FALSE,556,65,4:04 PM,3282,112,204,148,18,0,21,32,40,107,1090,8:34 AM,474
8/15/2015,FALSE,557,33,3:19 PM,3736,13,177,585,17,0,6,91,63,97,1122,1:38 PM,266
8/16/2015,TRUE,558,78,6:40 PM,5011,31,846,1196,16,0,95,92,7,86,6,7:58 AM,219
8/17/2015,FALSE,559,23,4:35 AM,3892,26,650,250,39,0,77,24,54,68,246,3:48 PM,185
8/18/2015,FALSE,560,66,4:33 PM,8652,8,438,43,117,0,42,77,53,118,290,3:05 PM,243
8/19/2015,FALSE,561,45,6:41 AM,9521,98,670,648,102,0,36,63,22,84,289,7:03 AM,739
8/20/2015,TRUE,562,92,2:11 PM,377,2,1046,711,95,0,60,24,85,48,1067,9:51 AM,706
8/21/2015,TRUE,563,2,3:48 AM,8868,78,674,821,28,0,71,105,22,17,82,6:10 AM,255
8/22/2015,TRUE,564,5,6:06 AM,1025,71,271,350,34,0,4,37,20,11,191,10:18 AM,749
8/23/2015,FALSE,565,36,6:18 PM,2964,105,216,543,48,0,99,25,97,110,71,9:11 PM,1016
8/24/2015,TRUE,566,94,1:56 PM,5726,101,11,802,84,0,63,48,75,16,1155,9:44 PM,16
8/25/2015,FALSE,567,44,3:36 PM,2544,44,439,1068,119,0,60,3,5,32,1178,1:52 AM,1133
8/26/2015,FALSE,568,36,9:03 AM,537,27,217,138,77,0,83,87,79,18,340,7:21 PM,697
8/27/2015,FALSE,569,12,8:18 AM,7419,4,123,588,84,0,98,60,109,86,650,11:17 AM,734
8/28/2015,FALSE,570,92,5:28 AM,8625,44,392,695,4,0,34,63,100,95,939,9:29 PM,297
8/29/2015,FALSE,571,100,9:17 PM,7925,120,708,647,73,0,67,51,21,22,184,11:49 AM,463
8/30/2015,FALSE,572,80,3:31 PM,6332,4,254,1007,44,0,45,97,62,10,975,9:17 PM,1142
8/31/2015,FALSE,573,68,3:12 AM,4257,43,485,746,15,0,79,106,7,16,762,10:16 PM,215
9/1/2015,TRUE,574,7,2:41 PM,711,64,504,49,67,0,67,68,115,22,1159,6:48 PM,459
9/2/2015,TRUE,575,52,7:08 PM,9828,7,174,250,37,0,4,61,92,19,383,1:04 AM,172
9/3/2015,FALSE,576,74,2:16 AM,8458,89,1111,235,118,0,120,34,67,55,767,1:45 AM,246
9/4/2015,FALSE,577,70,2:05 AM,7518,119,108,172,115,0,12,8,53,56,519,4:58 AM,207
9/5/2015,FALSE,578,70,2:12 PM,8833,13,410,803,9,0,41,39,89,6,909,5:23 PM,1126
9/6/2015,TRUE,579,50,8:05 PM,479,96,81,773,112,0,84,80,120,22,111,9:21 AM,996
9/7/2015,FALSE,580,93,3:43 AM,2503,68,625,26,26,0,88,87,17,4,918,4:19 AM,864
9/8/2015,FALSE,581,48,9:49 PM,9478,25,34,891,89,0,92,102,16,102,970,6:54 PM,696
9/9/2015,TRUE,582,21,8:04 AM,7232,24,821,327,45,0,115,26,6,97,430,12:45 PM,391
9/10/2015,FALSE,583,36,7:07 AM,8565,19,946,606,101,0,9,94,7,38,545,5:56 PM,968
9/11/2015,FALSE,584,62,7:14 PM,6564,16,241,26,106,0,97,34,21,51,524,1:20 AM,867
9/12/2015,TRUE,585,3,3:15 AM,8052,107,452,922,107,0,11,95,106,68,798,3:45 AM,19
9/13/2015,TRUE,586,53,3:21 AM,2450,87,91,402,113,0,58,48,43,16,237,9:24 PM,498
9/14/2015,TRUE,587,5,11:21 PM,5557,31,1042,616,47,0,20,98,75,103,895,9:59 PM,582
9/15/2015,TRUE,588,65,4:07 PM,9975,54,545,201,31,0,72,102,114,20,589,2:57 PM,558
9/16/2015,FALSE,589,59,7:45 PM,779,115,322,1087,41,0,47,104,20,85,633,6:46 AM,733
9/17/2015,FALSE,590,77,9:27 AM,1070,110,1043,811,25,0,78,108,56,2,76,9:31 PM,726
9/18/2015,FALSE,591,39,10:59 AM,508,81,935,301,9,0,50,101,88,17,982,8:37 PM,399
9/19/2015,FALSE,592,8,2:27 AM,5746,56,793,848,63,0,25,33,64,79,414,2:12 AM,618
9/20/2015,FALSE,593,88,11:54 PM,4743,92,785,615,52,0,75,77,76,102,127,6:03 AM,341
9/21/2015,TRUE,594,38,2:38 AM,3055,115,863,541,58,0,26,32,2,93,1187,9:34 PM,316
9/22/2015,FALSE,595,96,10:31 PM,5115,22,23,978,5,0,83,74,49,13,26,8:40 PM,1097
9/23/2015,TRUE,596,37,10:15 AM,9710,50,1099,1177,111,0,119,54,48,91,671,4:59 AM,794
9/24/2015,FALSE,597,89,7:28 PM,7579,64,494,49,109,0,116,1,50,15,444,12:29 AM,77
9/25/2015,FALSE,598,90,6:21 PM,4295,49,756,719,67,0,47,6,34,101,533,5:33 PM,1122
9/26/2015,FALSE,599,38,12:48 PM,4793,2,257,876,66,0,65,74,63,116,380,4:06 AM,1029
9/27/2015,FALSE,600,84,10:34 PM,787,113,881,721,103,0,26,81,57,110,879,5:41 AM,1123
9/28/2015,FALSE,601,46,7:44 PM,8015,92,649,803,84,0,110,32,23,109,140,8:30 AM,1144
9/29/2015,TRUE,602,66,12:09 AM,2434,38,264,461,25,0,32,28,104,60,113,9:19 AM,1043
9/30/2015,TRUE,603,69,9:38 PM,8458,112,592,626,33,0,16,22,110,73,547,2:56 AM,805
10/1/2015,FALSE,604,61,7:39 PM,3394,107,899,23,119,0,110,108,114,89,28,1:47 AM,770
10/2/2015,FALSE,605,86,4:36 AM,6720,97,870,1077,85,0,22,52,1,13,1144,8:15 AM,1055
10/3/2015,TRUE,606,58,4:36 PM,9111,66,804,46,101,0,69,34,87,105,281,9:13 AM,1160
10/4/2015,TRUE,607,41,6:59 AM,3415,75,928,824,68,0,46,0,58,39,635,11:12 PM,661
10/5/2015,FALSE,608,96,12:55 AM,4515,93,90,771,61,0,88,107,80,62,558,12:06 PM,980
10/6/2015,FALSE,609,55,6:33 AM,6627,26,489,453,45,0,39,80,93,18,177,10:38 AM,260
10/7/2015,TRUE,610,24,5:46 AM,7552,8,738,569,7,0,9,37,67,56,263,7:04 PM,953
10/8/2015,FALSE,611,50,3:45 PM,9719,25,334,407,41,0,104,68,102,80,371,9:51 PM,833
10/9/2015,FALSE,612,66,4:27 PM,6652,89,1011,1072,111,0,44,101,25,71,633,6:07 PM,1100
10/10/2015,FALSE,613,56,3:33 PM,3327,65,786,276,83,0,51,64,98,73,267,8:27 PM,1041
10/11/2015,TRUE,614,57,12:36 AM,9688,119,1087,119,4,0,85,93,28,65,3,11:12 PM,6
10/12/2015,TRUE,615,11,1:11 PM,5952,117,566,651,99,0,34,4,7,69,574,12:57 AM,170
10/13/2015,FALSE,616,79,12:42 AM,5103,51,110,1011,39,0,24,54,108,45,808,7:56 AM,1091
10/14/2015,TRUE,617,39,12:12 AM,3532,13,600,696,16,0,63,102,99,75,778,9:42 AM,494
10/15/2015,FALSE,618,75,4:52 AM,7409,34,925,765,115,0,69,17,47,21,823,3:33 AM,594
10/16/2015,FALSE,619,7,4:53 AM,8592,71,405,426,113,0,39,2,74,38,91,4:50 PM,257
10/17/2015,FALSE,620,46,6:37 PM,8592,27,920,358,61,0,118,56,44,66,97,10:05 AM,884
10/18/2015,FALSE,621,19,9:54 PM,1145,45,951,927,82,0,69,96,78,108,514,7:49 AM,1056
10/19/2015,FALSE,622,17,1:47 AM,4361,23,1073,919,49,0,118,103,41,66,677,8:24 PM,313
10/20/2015,FALSE,623,45,8:54 AM,5559,18,108,881,75,0,68,60,101,68,419,11:57 PM,214
10/21/2015,FALSE,624,75,11:29 PM,6127,4,981,1031,47,0,84,72,5,13,697,3:15 PM,1094
10/22/2015,FALSE,625,97,2:57 AM,9766,66,38,820,100,0,75,109,115,102,472,7:27 PM,492
10/23/2015,FALSE,626,96,12:05 AM,4393,37,14,595,104,0,40,76,66,56,776,2:46 AM,1089
10/24/2015,TRUE,627,53,4:34 AM,7251,98,1139,992,100,0,25,83,34,69,684,8:15 PM,1067
10/25/2015,TRUE,628,64,3:24 AM,4558,14,101,471,73,0,17,71,60,94,382,5:35 PM,361
10/26/2015,TRUE,629,52,6:47 PM,8614,19,599,32,29,0,6,74,73,9,243,10:28 PM,18
10/27/2015,TRUE,630,24,5:51 PM,2989,29,4,1028,68,0,92,2,12,74,51,8:03 PM,1143
10/28/2015,FALSE,631,57,7:01 PM,8504,32,4,188,42,0,117,119,103,75,482,12:39 PM,585
10/29/2015,TRUE,632,22,3:31 PM,9245,64,487,731,20,0,43,75,97,39,443,4:15 AM,753
10/30/2015,TRUE,633,79,4:06 PM,8050,59,624,463,81,0,1,6,97,78,1087,9:32 PM,51
10/31/2015,FALSE,634,52,8:33 AM,9406,45,1151,361,58,0,114,100,63,93,960,3:07 AM,1114
11/1/2015,FALSE,635,94,4:41 PM,867,98,836,1039,107,0,55,119,2,39,638,11:25 AM,782
11/2/2015,FALSE,636,41,7:36 PM,6592,103,808,1046,74,0,27,83,96,27,181,4:48 AM,360
11/3/2015,FALSE,637,46,9:26 AM,7057,46,793,34,10,0,68,92,50,19,172,4:37 AM,698
11/4/2015,TRUE,638,9,2:06 AM,6487,97,835,951,18,0,8,101,28,27,328,1:52 PM,632
11/5/2015,TRUE,639,31,1:53 PM,806,21,462,724,57,0,45,106,100,120,636,12:08 PM,888
11/6/2015,TRUE,640,93,7:16 AM,6061,49,999,774,47,0,63,116,119,38,708,7:07 AM,684
11/7/2015,TRUE,641,72,11:34 PM,3472,30,254,302,27,0,26,46,108,34,54,1:01 PM,308
11/8/2015,TRUE,642,39,4:44 AM,9888,44,799,154,91,0,2,32,43,111,303,12:16 AM,571
11/9/2015,FALSE,643,89,1:18 PM,5620,50,1140,819,77,0,83,83,54,56,1041,9:00 AM,353
11/10/2015,TRUE,644,68,5:58 AM,390,38,395,1016,69,0,43,0,64,34,653,11:22 AM,19
11/11/2015,TRUE,645,22,8:14 PM,596,105,1125,1013,111,0,4,34,13,24,565,12:25 AM,288
11/12/2015,FALSE,646,43,2:30 PM,5363,89,588,1013,44,0,44,58,60,65,856,11:21 AM,167
11/13/2015,FALSE,647,66,9:55 PM,5348,12,801,40,114,0,26,67,25,56,586,2:15 AM,166
11/14/2015,TRUE,648,90,7:54 AM,2578,24,458,1035,104,0,6,100,90,78,1189,11:26 AM,649
11/15/2015,FALSE,649,54,7:05 PM,4695,70,211,366,78,0,60,90,103,6,53,5:27 AM,246
11/16/2015,FALSE,650,93,8:26 AM,8980,60,937,283,62,0,49,94,107,5,1032,2:11 PM,626
11/17/2015,TRUE,651,83,11:11 PM,1819,40,982,1099,54,0,91,79,113,65,255,6:02 AM,678
11/18/2015,FALSE,652,48,6:08 PM,1054,16,269,419,106,0,99,94,85,99,1154,11:41 AM,951
11/19/2015,FALSE,653,41,5:36 PM,6952,56,13,710,25,0,10,105,42,86,828,2:15 PM,980
11/20/2015,TRUE,654,57,10:23 AM,6645,111,560,151,110,0,98,77,63,16,222,6:06 PM,1051
11/21/2015,TRUE,655,67,2:57 PM,6586,42,542,439,16,0,39,69,75,42,308,4:40 AM,848
11/22/2015,TRUE,656,89,11:58 PM,7848,33,39,84,65,0,95,36,25,62,1035,1:13 AM,913
11/23/2015,TRUE,657,76,4:48 PM,661,57,32,525,56,0,19,20,61,68,231,9:07 PM,749
11/24/2015,FALSE,658,80,7:28 AM,799,99,733,989,87,0,93,111,17,90,574,10:50 AM,366
11/25/2015,FALSE,659,31,11:20 AM,6188,86,1197,804,52,0,14,42,112,86,72,11:15 PM,495
11/26/2015,FALSE,660,66,8:15 PM,4819,21,1029,285,1,0,71,108,27,20,669,8:11 PM,873
11/27/2015,FALSE,661,47,11:48 AM,9189,13,588,413,9,0,100,29,27,15,376,1:33 AM,192
11/28/2015,TRUE,662,71,9:49 PM,6206,25,767,258,78,0,81,115,65,45,1038,5:46 AM,400
11/29/2015,TRUE,663,16,1:32 AM,8912,118,1088,1044,92,0,74,14,86,112,472,11:19 PM,761
11/30/2015,FALSE,664,59,8:42 PM,299,26,166,144,42,0,78,97,20,41,840,8:53 PM,581
12/1/2015,FALSE,665,24,8:01 PM,905,93,558,904,32,0,41,29,26,44,23,10:36 PM,1090
12/2/2015,FALSE,666,5,2:13 AM,6701,77,813,677,19,0,39,1,103,1,807,7:27 AM,976
12/3/2015,FALSE,667,11,11:35 AM,3834,77,272,412,107,0,43,97,46,51,978,11:37 PM,868
12/4/2015,FALSE,668,95,7:29 PM,7970,94,275,953,116,0,41,92,53,75,474,7:50 AM,639
12/5/2015,FALSE,669,61,8:53 PM,8417,79,808,237,110,0,40,89,65,10,412,10:29 PM,95
12/6/2015,TRUE,670,88,2:41 AM,1945,69,573,443,33,0,73,36,39,105,988,6:12 AM,23
12/7/2015,TRUE,671,92,1:51 PM,908,3,8,629,93,0,116,108,36,89,1102,9:14 AM,593
12/8/2015,FALSE,672,96,12:53 PM,4762,76,779,821,116,0,78,72,106,51,567,1:56 PM,399
12/9/2015,FALSE,673,11,1:17 PM,494,30,1017,902,95,0,52,81,53,63,278,4:10 AM,516
12/10/2015,FALSE,674,99,11:07 AM,388,38,399,315,39,0,23,118,94,26,287,2:31 AM,790
12/11/2015,TRUE,675,35,9:06 PM,5284,23,766,393,15,0,100,117,36,116,886,2:42 PM,1161
12/12/2015,FALSE,676,86,9:29 PM,5597,108,201,625,34,0,14,7,118,118,919,8:32 AM,1048
12/13/2015,TRUE,677,64,3:04 AM,7487,120,980,82,57,0,27,61,89,21,85,3:11 PM,664
12/14/2015,FALSE,678,95,7:01 AM,7017,76,924,986,80,0,76,19,34,34,966,4:47 AM,1000
12/15/2015,TRUE,679,5,10:29 PM,9758,45,988,755,40,0,105,46,103,64,355,3:16 AM,871
12/16/2015,FALSE,680,61,10:12 AM,4910,59,1103,475,7,0,19,48,4,99,432,4:52 PM,862
12/17/2015,FALSE,681,61,8:16 AM,7791,44,20,808,79,0,27,70,101,64,854,4:27 PM,969
12/18/2015,FALSE,682,75,5:55 AM,5126,115,365,226,22,0,67,62,52,37,799,4:19 PM,127
12/19/2015,FALSE,683,96,3:41 PM,5652,8,855,375,52,0,10,68,98,63,453,12:32 PM,911
12/20/2015,FALSE,684,84,9:51 PM,6412,54,1181,702,32,0,10,67,96,75,357,6:20 PM,367
12/21/2015,TRUE,685,27,10:29 AM,7996,4,1082,897,33,0,70,112,111,73,77,10:14 AM,914
12/22/2015,TRUE,686,56,10:43 PM,628,92,743,386,46,0,86,95,13,96,794,11:56 PM,959
12/23/2015,FALSE,687,19,9:48 AM,22,61,577,493,15,0,75,111,34,65,1199,12:35 AM,658
12/24/2015,TRUE,688,58,5:10 PM,6123,104,992,524,100,0,23,36,88,119,851,9:27 PM,653
12/25/2015,FALSE,689,44,1:17 PM,3380,70,230,606,70,0,83,88,98,112,557,11:04 AM,449
12/26/2015,FALSE,690,44,9:27 PM,3034,80,344,249,48,0,113,25,17,65,989,8:39 PM,1132
12/27/2015,FALSE,691,81,2:54 AM,6394,23,216,716,21,0,82,99,72,71,122,10:53 AM,831
12/28/2015,FALSE,692,99,7:24 PM,88,48,1086,1019,33,0,59,114,52,79,1177,7:04 PM,905
12/29/2015,TRUE,693,18,6:22 AM,1630,89,245,871,24,0,27,39,2,117,1154,7:23 PM,584
12/30/2015,TRUE,694,48,2:24 AM,8067,108,1167,987,112,0,102,111,80,27,389,1:13 AM,86
12/31/2015,TRUE,695,5,5:22 AM,842,104,1003,947,10,0,110,74,31,71,948,6:02 PM,206
1/1/2016,FALSE,696,70,10:21 PM,6800,11,199,246,35,0,25,86,53,23,559,10:39 AM,590
1/2/2016,FALSE,697,26,5:01 AM,9299,30,74,1053,27,0,1,32,23,34,38,7:03 AM,59
1/3/2016,FALSE,698,69,3:56 AM,5126,102,120,835,117,0,19,74,77,116,495,4:52 AM,48
1/4/2016,TRUE,699,45,12:10 AM,2540,7,1190,792,72,0,1,71,92,96,891,12:35 PM,746
1/5/2016,FALSE,700,100,1:22 AM,2340,59,1161,823,22,0,104,70,110,8,55,6:01 AM,77
1/6/2016,TRUE,701,20,8:01 AM,9750,114,561,304,49,0,54,63,80,83,1109,12:59 AM,1000
1/7/2016,FALSE,702,58,10:10 PM,4453,24,957,543,23,0,109,43,56,99,706,1:03 PM,320
1/8/2016,TRUE,703,81,12:03 PM,2785,60,1182,991,73,0,3,96,40,86,712,10:07 AM,337
1/9/2016,FALSE,704,38,1:56 AM,3341,73,873,1147,25,0,2,3,31,109,909,7:25 AM,857
1/10/2016,TRUE,705,75,1:27 AM,9146,58,700,567,20,0,64,29,40,25,657,9:00 AM,1137
1/11/2016,FALSE,706,80,9:12 PM,9423,23,989,488,20,0,38,21,99,82,627,3:09 PM,565
1/12/2016,FALSE,707,41,7:46 PM,9156,16,768,587,120,0,31,12,73,8,54,10:35 PM,67
1/13/2016,TRUE,708,97,3:41 PM,2968,9,228,1115,13,0,21,37,45,60,1179,3:11 AM,966
1/14/2016,FALSE,709,78,10:37 PM,8929,6,614,352,34,0,38,71,61,79,919,2:06 PM,647
1/15/2016,TRUE,710,59,10:14 PM,3839,57,1189,310,24,0,28,71,77,89,792,11:29 PM,723
1/16/2016,TRUE,711,16,3:47 PM,5550,37,646,872,6,0,57,7,116,107,1001,5:22 PM,737
1/17/2016,FALSE,712,7,4:22 PM,5386,6,913,1116,95,0,98,27,110,13,57,3:28 PM,1045
1/18/2016,FALSE,713,92,11:31 AM,5664,78,673,955,99,0,114,9,114,97,5,11:48 PM,586
1/19/2016,TRUE,714,24,9:33 AM,6989,42,750,896,102,0,108,118,118,21,516,5:49 PM,301
1/20/2016,FALSE,715,31,3:17 AM,6735,52,478,956,61,0,116,40,94,87,697,9:42 PM,898
1/21/2016,TRUE,716,71,6:56 PM,4945,42,8,238,21,0,89,80,14,29,145,11:29 PM,284
1/22/2016,FALSE,717,27,4:40 PM,1724,104,541,1035,39,0,109,55,71,50,981,1:34 PM,431
1/23/2016,FALSE,718,81,9:02 AM,3085,7,420,197,13,0,47,101,90,9,648,11:52 PM,718
1/24/2016,TRUE,719,88,5:26 AM,8973,77,423,686,50,0,3,11,12,34,488,9:09 PM,829
1/25/2016,TRUE,720,14,11:45 PM,6917,39,361,717,58,0,18,61,10,74,389,8:48 PM,1061
1/26/2016,FALSE,721,52,4:05 AM,5034,13,753,23,46,0,90,63,51,24,40,4:18 PM,1092
1/27/2016,FALSE,722,49,7:25 PM,3632,65,502,528,30,0,8,49,15,90,1157,8:47 AM,1034
1/28/2016,TRUE,723,86,9:46 PM,7864,111,1191,568,115,0,74,40,101,82,568,3:07 AM,862
1/29/2016,TRUE,724,7,3:55 PM,2968,33,868,827,40,0,71,3,68,31,200,3:12 PM,623
1/30/2016,FALSE,725,21,4:49 AM,5639,41,997,462,78,0,107,94,116,32,735,2:34 AM,299
1/31/2016,TRUE,726,20,9:59 AM,7643,2,470,845,36,0,63,18,106,13,416,3:23 AM,230
2/1/2016,FALSE,727,9,3:04 PM,2661,32,475,754,18,0,38,31,67,12,948,4:42 AM,530
2/2/2016,TRUE,728,93,9:39 PM,3673,84,581,592,69,0,62,76,76,49,1043,1:39 PM,269
2/3/2016,TRUE,729,60,6:21 AM,5968,3,286,713,100,0,58,31,0,15,227,7:51 AM,664
2/4/2016,FALSE,730,96,11:02 AM,1454,16,378,1024,92,0,38,19,77,25,917,9:30 AM,55
2/5/2016,TRUE,731,8,12:07 AM,8959,88,761,381,54,0,27,50,70,63,557,2:28 PM,371
2/6/2016,FALSE,732,60,7:57 PM,1494,77,783,749,32,0,83,111,41,48,539,9:51 PM,227
2/7/2016,FALSE,733,55,1:23 AM,6548,49,437,118,29,0,75,60,25,10,146,6:34 PM,760
2/8/2016,FALSE,734,86,12:43 PM,2587,93,845,408,74,0,19,5,71,97,590,12:20 AM,769
2/9/2016,TRUE,735,94,6:50 AM,6529,68,121,964,92,0,29,67,10,95,364,1:11 PM,534
2/10/2016,FALSE,736,62,4:17 PM,4087,75,21,875,116,0,66,18,42,97,614,9:56 AM,4
2/11/2016,FALSE,737,49,7:59 PM,4436,10,874,714,15,0,97,62,20,51,1043,5:40 AM,1179
2/12/2016,FALSE,738,62,7:37 AM,4570,5,899,204,14,0,13,93,54,36,1104,6:34 AM,245
2/13/2016,TRUE,739,88,9:29 PM,4064,88,467,818,118,0,40,26,99,11,701,6:34 PM,371
2/14/2016,TRUE,740,68,3:13 PM,2155,63,840,331,4,0,120,82,40,31,320,11:03 AM,1143
2/15/2016,TRUE,741,74,10:45 AM,5850,71,1168,752,20,0,49,102,80,113,1031,12:02 PM,717
2/16/2016,FALSE,742,61,3:41 PM,4869,77,1121,492,117,0,37,33,20,79,637,3:07 AM,532
2/17/2016,FALSE,743,31,4:28 AM,6308,81,376,389,43,0,11,101,23,67,172,7:54 AM,314
2/18/2016,FALSE,744,43,5:43 AM,9657,43,921,447,83,0,53,20,54,19,771,5:17 AM,103
2/19/2016,FALSE,745,88,8:57 PM,3042,94,1036,176,96,0,72,106,89,7,681,12:45 PM,1160
2/20/2016,TRUE,746,51,1:38 AM,2488,99,1061,335,87,0,49,79,78,22,614,9:20 AM,873
2/21/2016,FALSE,747,92,6:03 PM,8340,70,638,960,115,0,94,115,7,99,586,5:56 PM,1101
2/22/2016,FALSE,748,66,10:24 AM,6272,96,918,91,39,0,89,117,21,24,602,11:30 AM,626
2/23/2016,TRUE,749,19,12:22 PM,7569,27,1093,673,75,0,45,62,56,44,418,10:58 AM,494
2/24/2016,TRUE,750,99,2:44 AM,450,98,1080,1112,113,0,118,90,2,29,306,6:02 PM,790
2/25/2016,FALSE,751,38,2:38 PM,388,44,213,1063,69,0,43,19,96,105,426,9:32 AM,1142
2/26/2016,TRUE,752,68,5:49 PM,7188,27,37,1149,94,0,16,103,88,93,657,10:36 PM,215
2/27/2016,FALSE,753,74,5:58 PM,1145,9,17,332,62,0,44,117,113,52,1138,3:11 AM,1015
2/28/2016,FALSE,754,26,8:47 AM,7537,111,1186,961,14,0,85,54,110,48,653,3:25 PM,482
2/29/2016,TRUE,755,63,5:25 PM,4417,92,193,289,45,0,23,52,12,35,50,1:54 AM,706
3/1/2016,FALSE,756,66,11:09 AM,6096,59,488,1126,69,0,51,84,46,96,566,11:32 PM,882
3/2/2016,FALSE,757,16,5:33 PM,3420,7,297,1045,93,0,22,99,114,46,1179,2:21 AM,755
3/3/2016,FALSE,758,51,12:51 AM,9964,104,963,1175,118,0,74,106,94,93,853,1:38 PM,506
3/4/2016,FALSE,759,51,5:16 PM,3688,57,48,311,2,0,84,107,29,85,723,12:44 PM,546
3/5/2016,FALSE,760,76,5:04 PM,6850,94,853,542,79,0,83,20,77,105,770,1:34 PM,334
3/6/2016,TRUE,761,68,8:07 AM,5619,110,639,834,93,0,43,88,49,40,753,3:16 AM,500
3/7/2016,FALSE,762,28,3:15 AM,4332,87,935,1008,6,0,10,43,55,111,650,9:17 PM,1123
3/8/2016,TRUE,763,42,5:04 PM,4441,75,267,296,108,0,65,89,63,64,874,9:49 PM,769
3/9/2016,FALSE,764,22,9:04 AM,3821,102,493,1141,69,0,75,114,49,65,700,4:50 PM,215
3/10/2016,TRUE,765,44,10:27 PM,5800,102,1094,808,18,0,56,5,57,82,94,9:29 PM,988
3/11/2016,TRUE,766,16,6:06 PM,9899,102,802,784,25,0,34,110,1,19,313,9:16 PM,316
3/12/2016,TRUE,767,86,10:08 PM,5738,27,1199,162,112,0,12,24,29,114,1117,2:54 AM,751
3/13/2016,TRUE,768,47,2:00 AM,5300,73,554,1082,33,0,8,36,8,1,887,7:12 PM,561
3/14/2016,FALSE,769,80,5:43 AM,3046,54,1150,426,25,0,114,107,68,80,726,7:21 AM,842
3/15/2016,TRUE,770,87,8:47 PM,6002,109,123,402,54,0,91,97,87,7,62,6:24 PM,168
3/16/2016,TRUE,771,56,7:54 PM,9398,86,984,596,73,0,105,0,85,47,567,6:03 AM,751
3/17/2016,TRUE,772,35,12:56 PM,7771,20,719,519,67,0,91,101,84,70,409,11:00 AM,645
3/18/2016,FALSE,773,4,7:49 PM,7420,109,953,665,75,0,120,61,52,30,819,1:34 PM,978
3/19/2016,TRUE,774,20,1:11 AM,776,59,688,19,80,0,66,11,28,1,471,4:07 AM,1135
3/20/2016,TRUE,775,86,8:15 PM,2950,93,413,869,54,0,22,106,92,3,711,9:15 PM,789
3/21/2016,FALSE,776,65,8:03 PM,8330,83,459,739,90,0,9,23,91,38,4,11:49 AM,614
3/22/2016,FALSE,777,51,3:19 AM,6790,1,601,95,112,0,21,16,43,86,722,8:39 PM,597
3/23/2016,TRUE,778,25,9:01 AM,4920,5,973,1013,80,0,95,110,106,13,920,5:08 AM,1033
3/24/2016,TRUE,779,74,8:00 PM,964,76,872,1089,116,0,29,34,37,85,1148,9:29 AM,118
3/25/2016,FALSE,780,73,2:45 AM,3590,63,866,202,24,0,58,38,54,48,1071,9:34 AM,485
3/26/2016,TRUE,781,5,6:57 AM,2377,63,364,340,11,0,12,109,24,93,1120,1:57 AM,387
3/27/2016,FALSE,782,1,10:39 AM,8541,20,786,89,101,0,107,89,5,30,460,2:44 AM,247
3/28/2016,TRUE,783,57,4:49 PM,7549,94,675,858,48,0,112,113,28,89,244,8:40 AM,850
3/29/2016,FALSE,784,40,8:38 PM,311,89,222,855,13,0,100,60,63,37,1129,9:19 AM,940
3/30/2016,FALSE,785,51,1:31 AM,1640,79,886,94,49,0,88,64,78,113,620,8:53 AM,427
3/31/2016,FALSE,786,75,10:05 PM,9473,107,212,720,93,0,25,41,43,63,178,2:49 AM,762
4/1/2016,TRUE,787,11,10:13 PM,6525,52,763,480,43,0,8,97,27,23,91,9:43 AM,196
4/2/2016,TRUE,788,26,9:01 PM,5204,59,864,227,31,0,83,42,2,115,299,9:13 PM,282
4/3/2016,FALSE,789,93,10:02 PM,1280,96,44,643,117,0,60,120,60,7,713,3:59 PM,913
4/4/2016,FALSE,790,5,11:57 PM,6234,99,156,823,80,0,120,111,83,102,195,11:15 PM,790
4/5/2016,TRUE,791,27,4:56 AM,6740,72,718,23,100,0,86,17,64,72,239,3:13 AM,310
4/6/2016,TRUE,792,76,8:12 AM,8738,68,640,1149,35,0,20,4,48,89,814,5:35 PM,907
4/7/2016,TRUE,793,63,9:44 AM,3610,112,1038,353,8,0,75,41,55,118,1192,5:55 PM,402
4/8/2016,FALSE,794,2,12:19 AM,7426,11,941,850,92,0,71,55,107,32,234,10:07 AM,745
4/9/2016,FALSE,795,72,9:10 AM,6220,23,435,523,110,0,47,117,94,26,369,11:10 PM,589
4/10/2016,FALSE,796,63,8:04 AM,8714,102,840,227,82,0,116,120,66,36,361,11:50 AM,449
4/11/2016,FALSE,797,69,6:08 PM,5927,47,254,1168,101,0,66,2,97,75,745,10:36 AM,519
4/12/2016,FALSE,798,95,7:50 AM,66,29,858,84,67,0,84,94,75,22,484,9:15 AM,616
4/13/2016,FALSE,799,64,6:13 PM,8723,72,388,573,32,0,82,64,85,12,869,3:31 PM,995
4/14/2016,TRUE,800,29,4:21 PM,1501,3,549,1042,51,0,8,74,5,51,196,8:21 PM,831
4/15/2016,FALSE,801,29,11:37 AM,3658,7,849,28,120,0,105,77,35,24,363,10:50 PM,893
4/16/2016,TRUE,802,39,4:15 PM,6988,61,818,1154,69,0,9,11,101,38,1077,12:52 PM,912
4/17/2016,FALSE,803,60,12:25 PM,3383,105,599,254,86,0,116,6,81,94,920,1:30 AM,594
4/18/2016,FALSE,804,92,3:32 PM,208,20,341,1024,29,0,79,92,116,100,629,10:27 PM,943
4/19/2016,TRUE,805,100,10:20 AM,1191,20,1089,603,21,0,23,98,36,34,742,6:09 AM,388
4/20/2016,TRUE,806,58,7:25 AM,4907,55,370,504,72,0,13,93,13,22,1022,6:26 PM,201
4/21/2016,FALSE,807,82,2:52 PM,2226,22,1078,98,5,0,62,33,106,104,404,11:57 AM,307
4/22/2016,TRUE,808,76,11:16 AM,8700,61,308,278,41,0,93,94,21,74,82,2:25 AM,1033
4/23/2016,TRUE,809,68,4:49 AM,4950,22,285,845,73,0,101,10,65,23,149,7:52 AM,812
4/24/2016,FALSE,810,94,10:26 AM,7859,54,704,495,49,0,13,14,57,89,1054,9:17 PM,719
4/25/2016,TRUE,811,14,10:54 PM,3617,36,1157,959,40,0,15,89,82,39,1153,7:55 AM,587
4/26/2016,TRUE,812,26,3:39 PM,9355,15,1113,474,71,0,100,3,96,54,979,1:46 PM,892
4/27/2016,TRUE,813,75,12:42 AM,6421,10,806,335,2,0,29,22,70,14,468,7:42 PM,920
4/28/2016,TRUE,814,8,2:54 PM,7726,79,239,1090,66,0,57,113,97,42,912,10:52 AM,301
4/29/2016,FALSE,815,48,1:15 AM,9944,117,1154,287,120,0,18,68,32,64,449,2:32 PM,312
4/30/2016,FALSE,816,50,7:35 AM,642,7,673,515,117,0,50,120,32,112,354,9:12 AM,1021
5/1/2016,FALSE,817,33,9:15 PM,7466,79,238,831,84,0,63,37,85,79,511,11:52 PM,48
5/2/2016,TRUE,818,59,4:50 AM,627,111,39,1160,14,0,105,44,10,74,1146,6:09 AM,310
5/3/2016,TRUE,819,95,4:05 AM,784,81,160,223,90,0,119,72,68,0,1117,4:56 PM,917
5/4/2016,TRUE,820,41,7:25 AM,4367,22,501,945,48,0,15,67,45,76,1161,1:02 PM,1194
5/5/2016,TRUE,821,3,9:01 PM,636,64,431,794,107,0,4,52,117,57,144,11:38 AM,539
5/6/2016,TRUE,822,22,12:39 AM,6259,79,92,648,55,0,32,39,91,61,751,3:15 AM,227
5/7/2016,TRUE,823,4,9:48 PM,9329,50,173,49,10,0,97,118,111,96,25,9:45 PM,969
5/8/2016,TRUE,824,3,4:29 PM,9391,61,524,951,33,0,15,68,37,80,149,12:56 AM,1055
5/9/2016,TRUE,825,53,1:21 AM,6610,26,352,27,42,0,103,15,39,86,672,2:33 PM,615
5/10/2016,FALSE,826,44,3:12 AM,2298,2,1006,809,90,0,116,10,12,112,998,1:19 AM,291
5/11/2016,FALSE,827,89,5:56 AM,657,26,918,1065,28,0,14,106,86,74,702,9:31 PM,688
5/12/2016,TRUE,828,27,1:24 AM,4648,114,1160,1069,57,0,93,74,50,106,1072,8:22 AM,707
5/13/2016,TRUE,829,25,6:28 PM,1909,28,517,793,46,0,14,116,26,8,475,3:02 PM,552
5/14/2016,FALSE,830,93,4:27 AM,5435,54,475,1006,52,0,88,27,78,76,1162,9:13 PM,822
5/15/2016,TRUE,831,82,3:35 AM,1860,3,265,370,32,0,20,54,73,22,556,10:53 PM,330
5/16/2016,FALSE,832,63,8:50 PM,4714,103,116,1071,34,0,101,24,54,105,830,12:50 AM,163
5/17/2016,TRUE,833,7,3:02 AM,6218,88,202,79,7,0,73,47,51,74,298,10:31 AM,883
5/18/2016,FALSE,834,15,1:13 AM,7218,44,241,707,49,0,114,102,115,106,4,6:05 AM,1165
5/19/2016,FALSE,835,59,6:26 AM,856,14,666,1046,7,0,20,8,39,2,508,8:04 PM,265
5/20/2016,FALSE,836,28,12:27 PM,9733,18,1065,57,26,0,64,65,91,77,299,10:18 PM,702
5/21/2016,TRUE,837,45,3:04 AM,6445,55,361,515,101,0,23,88,16,100,816,8:44 PM,1088
5/22/2016,TRUE,838,31,12:29 AM,8446,29,691,1103,85,0,9,30,38,29,1117,3:01 PM,72
5/23/2016,FALSE,839,95,1:21 AM,6830,79,931,314,97,0,33,84,88,78,1166,12:17 AM,797
5/24/2016,FALSE,840,79,2:25 PM,1256,56,833,653,117,0,81,65,103,49,251,5:11 PM,1013
5/25/2016,TRUE,841,24,9:26 PM,9724,31,358,534,91,0,111,75,105,100,1019,7:58 PM,234
5/26/2016,TRUE,842,77,7:21 PM,4432,84,709,1019,54,0,44,46,8,95,255,9:37 AM,126
5/27/2016,FALSE,843,12,9:45 PM,7791,14,988,266,90,0,37,18,27,34,552,8:42 AM,1075
5/28/2016,FALSE,844,85,8:28 AM,4090,18,758,1073,118,0,111,38,55,9,849,9:41 AM,1086
5/29/2016,FALSE,845,83,4:45 PM,2239,90,187,549,13,0,102,72,6,61,190,2:30 PM,41
5/30/2016,TRUE,846,46,11:56 AM,7961,47,277,689,114,0,90,32,105,3,652,11:18 PM,1077
5/31/2016,TRUE,847,45,3:10 PM,3737,17,113,649,73,0,85,78,119,115,517,11:15 AM,274
6/1/2016,TRUE,848,70,2:50 PM,4450,74,344,92,115,0,112,34,35,49,941,1:44 PM,1016
6/2/2016,TRUE,849,44,9:35 PM,2393,15,1158,375,118,0,78,55,45,3,1162,1:33 AM,582
6/3/2016,TRUE,850,3,8:38 PM,4475,20,242,602,55,0,19,66,29,41,411,2:45 AM,942
6/4/2016,FALSE,851,52,10:39 PM,5174,34,1156,1042,105,0,85,54,30,24,1040,4:54 PM,638
6/5/2016,TRUE,852,54,1:10 PM,4079,59,137,98,7,0,71,1,33,43,844,9:51 AM,812
6/6/2016,FALSE,853,14,12:27 AM,2722,5,421,936,49,0,12,86,88,81,94,3:42 AM,515
6/7/2016,TRUE,854,33,9:32 PM,2500,51,191,632,27,0,85,20,85,46,1111,5:29 AM,557
6/8/2016,FALSE,855,79,3:45 PM,1651,40,649,478,76,0,61,84,64,5,508,6:37 PM,629
6/9/2016,FALSE,856,48,4:40 PM,960,92,1127,1108,120,0,113,92,89,10,305,3:29 PM,520
6/10/2016,TRUE,857,36,11:52 PM,1543,60,188,628,101,0,42,111,47,11,17,2:23 PM,1173
6/11/2016,TRUE,858,67,3:29 PM,4389,115,223,343,72,0,8,84,120,85,325,7:30 AM,796
6/12/2016,TRUE,859,70,11:00 PM,2702,75,563,108,61,0,63,107,90,25,636,6:56 AM,211
6/13/2016,FALSE,860,99,4:21 PM,4731,58,146,1127,5,0,18,106,87,0,69,8:21 AM,58
6/14/2016,FALSE,861,93,4:49 PM,2132,42,1088,420,47,0,40,79,86,64,979,2:23 PM,123
6/15/2016,TRUE,862,69,10:46 PM,6034,107,1152,296,67,0,117,29,56,32,172,10:56 AM,948
6/16/2016,FALSE,863,97,11:20 AM,7544,38,82,692,21,0,83,99,104,18,974,12:37 AM,585
6/17/2016,FALSE,864,80,10:05 PM,1278,107,251,179,72,0,21,25,23,25,268,6:45 AM,978
6/18/2016,FALSE,865,4,7:49 PM,2819,19,552,117,38,0,115,117,68,18,344,4:25 PM,368
6/19/2016,FALSE,866,86,11:16 PM,8459,27,173,1193,47,0,76,65,95,35,794,1:23 PM,107
6/20/2016,TRUE,867,85,1:19 AM,7034,93,911,845,74,0,109,119,102,72,117,6:52 PM,61
6/21/2016,TRUE,868,81,10:49 PM,2977,26,457,472,13,0,18,75,69,84,648,3:51 AM,143
6/22/2016,TRUE,869,14,5:52 PM,3428,19,599,101,95,0,67,11,46,57,779,8:23 PM,358
6/23/2016,TRUE,870,31,11:53 PM,2970,3,89,841,99,0,19,88,63,6,582,1:30 AM,737
6/24/2016,FALSE,871,90,12:33 PM,5401,84,1000,887,26,0,17,37,7,10,1055,9:16 AM,922
6/25/2016,TRUE,872,83,10:59 AM,8445,110,237,750,2,0,108,69,25,75,73,7:04 AM,975
6/26/2016,TRUE,873,44,3:04 AM,540,64,280,1184,57,0,97,83,63,40,72,12:43 AM,97
6/27/2016,TRUE,874,92,1:10 PM,2669,40,684,1025,72,0,27,43,26,88,492,1:21 PM,192
6/28/2016,TRUE,875,8,1:22 PM,7470,83,370,769,41,0,73,6,31,28,255,11:02 PM,556
6/29/2016,FALSE,876,70,6:16 AM,2845,94,112,555,99,0,102,2,80,41,596,5:33 AM,725
6/30/2016,TRUE,877,93,6:28 PM,2161,95,152,216,50,0,5,92,47,28,687,8:48 AM,311
7/1/2016,TRUE,878,48,11:28 AM,1100,9,1014,411,35,0,67,68,66,46,774,7:05 PM,129
7/2/2016,TRUE,879,32,1:32 PM,201,44,926,489,112,0,0,120,98,11,860,9:00 PM,382
7/3/2016,FALSE,880,65,4:46 PM,4031,18,845,1199,26,0,117,3,4,12,429,4:49 PM,1137
7/4/2016,TRUE,881,20,2:30 AM,4690,108,45,116,96,0,94,81,69,81,466,2:42 PM,1001
7/5/2016,TRUE,882,92,4:59 AM,2396,83,245,186,48,0,48,54,87,22,650,11:45 AM,330
7/6/2016,TRUE,883,57,8:08 PM,8549,29,895,516,17,0,104,60,75,108,855,10:10 AM,1139
7/7/2016,TRUE,884,61,11:17 PM,8953,20,1082,449,36,0,61,24,100,118,952,11:31 PM,773
7/8/2016,FALSE,885,83,12:08 AM,509,8,291,23,100,0,26,54,30,56,118,7:53 AM,559
7/9/2016,TRUE,886,47,3:05 AM,5000,117,574,1020,102,0,29,63,10,46,676,1:11 AM,745
7/10/2016,FALSE,887,36,2:56 PM,2676,32,93,1082,26,0,45,92,74,104,608,12:53 PM,533
7/11/2016,FALSE,888,56,5:46 AM,915,37,502,1104,14,0,51,70,71,100,377,9:10 AM,1150
7/12/2016,FALSE,889,51,6:48 AM,6599,81,1138,1000,33,0,3,17,66,52,509,11:01 AM,167
7/13/2016,TRUE,890,32,4:23 AM,2352,91,513,271,116,0,119,114,59,62,760,2:56 PM,432
7/14/2016,FALSE,891,82,11:44 AM,1470,61,433,308,45,0,26,33,10,14,1081,9:42 AM,125
7/15/2016,TRUE,892,82,6:05 PM,8928,99,414,294,87,0,63,38,100,44,1128,11:38 PM,292
7/16/2016,TRUE,893,34,1:08 PM,8102,67,172,635,46,0,95,86,42,79,1027,10:00 PM,41
7/17/2016,TRUE,894,98,6:17 PM,4877,10,790,380,65,0,85,14,76,97,437,1:56 AM,935
7/18/2016,TRUE,895,22,2:22 PM,9098,36,1081,317,7,0,117,118,50,25,1067,1:15 PM,426
7/19/2016,TRUE,896,72,10:43 PM,7322,9,499,183,34,0,113,22,2,41,824,10:03 PM,953
7/20/2016,TRUE,897,60,1:34 PM,278,97,1125,432,55,0,87,48,8,75,1112,6:31 AM,300
7/21/2016,TRUE,898,63,10:55 PM,7838,86,723,1102,116,0,13,27,68,9,106,8:40 AM,744
7/22/2016,TRUE,899,56,6:47 PM,3725,111,677,1090,17,0,9,38,32,13,431,10:49 PM,8
7/23/2016,FALSE,900,20,6:52 PM,2741,63,621,192,104,0,93,54,100,0,775,8:38 AM,1087
7/24/2016,FALSE,901,4,11:13 AM,9181,101,1064,1013,50,0,36,29,91,87,924,4:16 AM,428
7/25/2016,TRUE,902,28,12:59 PM,5966,114,889,1155,31,0,80,8,29,26,602,3:05 AM,451
7/26/2016,TRUE,903,25,5:53 PM,5882,99,1001,602,86,0,104,9,110,115,837,2:24 AM,177
7/27/2016,FALSE,904,70,5:33 AM,8774,23,834,95,74,0,98,15,9,4,410,3:49 AM,606
7/28/2016,FALSE,905,89,1:38 PM,7675,23,987,728,32,0,83,39,108,50,138,12:05 PM,949
7/29/2016,FALSE,906,97,8:34 AM,8934,2,183,347,69,0,89,115,17,72,115,12:07 AM,935
7/30/2016,FALSE,907,89,8:24 PM,2998,108,185,711,113,0,54,10,38,55,385,3:55 AM,319
7/31/2016,TRUE,908,89,4:46 PM,4885,74,423,1171,17,0,99,66,34,72,499,10:07 AM,565
8/1/2016,TRUE,909,80,8:53 PM,290,46,534,666,32,0,33,9,30,118,625,3:21 AM,1019
8/2/2016,TRUE,910,7,4:16 AM,6023,88,359,718,83,0,11,56,66,94,20,11:43 AM,232
8/3/2016,FALSE,911,45,2:42 AM,9385,63,972,700,77,0,59,87,14,40,620,5:57 PM,339
8/4/2016,TRUE,912,77,3:31 PM,9902,56,898,1009,4,0,87,52,93,39,987,7:54 PM,999
8/5/2016,FALSE,913,96,10:55 AM,6694,3,1141,779,15,0,109,103,100,10,1149,2:27 AM,1052
8/6/2016,FALSE,914,16,10:01 AM,5067,59,187,817,104,0,39,113,67,106,1177,12:50 PM,1174
8/7/2016,TRUE,915,80,6:46 PM,8808,100,381,1027,56,0,62,86,8,108,75,10:52 PM,111
8/8/2016,FALSE,916,31,1:47 PM,5291,4,829,341,49,0,71,103,54,106,1099,5:17 AM,623
8/9/2016,TRUE,917,4,10:11 AM,7759,32,22,158,66,0,77,74,104,5,41,2:02 PM,208
8/10/2016,FALSE,918,60,10:28 AM,2205,82,38,512,59,0,26,33,63,2,1011,4:11 PM,814
8/11/2016,FALSE,919,96,8:32 PM,7297,80,1014,882,9,0,11,1,89,82,77,10:45 PM,773
8/12/2016,FALSE,920,84,2:14 AM,5572,99,321,245,78,0,76,18,61,33,376,6:38 PM,598
8/13/2016,TRUE,921,35,9:54 PM,9618,37,932,369,106,0,42,71,30,105,980,4:15 AM,1143
8/14/2016,FALSE,922,65,10:53 PM,6803,98,413,1052,1,0,22,113,17,79,928,10:30 PM,783
8/15/2016,FALSE,923,43,3:27 PM,3738,95,229,772,70,0,29,28,76,66,332,7:44 AM,799
8/16/2016,FALSE,924,51,6:03 PM,5642,43,609,546,92,0,93,85,84,39,1143,11:40 PM,436
8/17/2016,FALSE,925,48,4:40 PM,7084,13,675,642,67,0,76,85,44,8,953,6:30 AM,80
8/18/2016,TRUE,926,72,8:20 PM,3740,73,1131,367,91,0,65,19,97,97,741,7:55 AM,1200
8/19/2016,FALSE,927,96,6:10 AM,1927,16,537,803,110,0,38,110,109,100,293,2:27 AM,655
8/20/2016,FALSE,928,18,5:27 PM,1838,83,754,234,98,0,106,87,24,13,1167,8:38 PM,302
8/21/2016,TRUE,929,54,12:05 AM,7523,112,293,1158,69,0,68,93,45,59,290,12:12 AM,988
8/22/2016,TRUE,930,23,11:10 PM,4295,103,907,780,24,0,84,28,101,85,893,4:05 AM,59
8/23/2016,TRUE,931,58,11:58 PM,8476,109,1014,586,18,0,116,11,111,99,318,7:46 AM,379
8/24/2016,FALSE,932,97,3:33 AM,1735,20,349,165,63,0,114,41,83,74,1019,9:52 AM,329
8/25/2016,FALSE,933,41,9:18 PM,5365,107,17,616,94,0,85,70,11,70,917,11:24 PM,875
8/26/2016,FALSE,934,90,7:31 PM,9780,73,578,913,87,0,19,2,18,86,304,1:02 AM,676
8/27/2016,TRUE,935,53,1:26 PM,4689,65,345,1061,36,0,104,0,116,11,1007,5:04 AM,729
8/28/2016,TRUE,936,61,1:07 AM,9988,45,1180,562,99,0,109,34,72,5,472,10:07 AM,215
8/29/2016,TRUE,937,4,6:26 AM,5277,78,284,132,86,0,9,8,112,110,1116,6:33 AM,794
8/30/2016,TRUE,938,40,1:31 AM,9036,108,1093,27,85,0,15,111,56,103,875,12:24 PM,873
8/31/2016,TRUE,939,20,2:10 AM,6928,57,761,1178,34,0,77,50,37,113,675,12:01 PM,441
9/1/2016,TRUE,940,78,10:26 AM,6580,8,43,177,26,0,14,77,8,77,909,4:23 AM,1193
9/2/2016,FALSE,941,85,6:58 AM,2313,117,1181,14,65,0,54,15,54,9,1076,10:30 AM,345
9/3/2016,TRUE,942,74,9:25 PM,3230,30,454,19,107,0,19,48,4,40,1008,5:22 AM,850
9/4/2016,TRUE,943,76,12:30 AM,4936,10,99,1189,16,0,105,18,62,23,882,6:37 AM,295
9/5/2016,FALSE,944,27,10:27 AM,2231,77,582,937,93,0,57,34,96,49,233,9:01 AM,774
9/6/2016,TRUE,945,54,11:36 AM,9547,35,684,495,77,0,10,113,104,63,718,9:07 PM,871
9/7/2016,TRUE,946,33,10:50 AM,9223,116,473,950,117,0,25,112,13,20,415,1:37 PM,1036
9/8/2016,TRUE,947,57,12:54 AM,1236,57,491,632,13,0,21,30,90,107,930,2:56 PM,436
9/9/2016,FALSE,948,99,11:45 AM,139,24,122,132,41,0,7,49,74,80,203,9:44 AM,605
9/10/2016,TRUE,949,91,2:10 AM,9051,118,845,1166,80,0,67,20,89,20,223,7:28 PM,378
9/11/2016,TRUE,950,45,2:06 AM,3560,60,688,4,82,0,20,29,60,88,453,9:50 AM,90
9/12/2016,TRUE,951,54,11:01 AM,5565,109,318,444,9,0,24,40,8,57,43,5:48 AM,316
9/13/2016,FALSE,952,1,1:20 AM,1206,101,403,196,63,0,28,119,66,75,674,2:39 AM,826
9/14/2016,TRUE,953,40,12:14 AM,6574,12,927,616,111,0,9,65,12,53,464,3:05 AM,290
9/15/2016,TRUE,954,67,3:50 PM,5091,77,896,759,106,0,65,80,73,117,979,8:46 AM,475
9/16/2016,TRUE,955,75,2:44 PM,168,115,816,1007,55,0,41,5,50,24,1159,1:55 AM,1116
9/17/2016,TRUE,956,71,3:21 AM,6597,88,657,799,65,0,91,80,104,42,26,11:50 AM,684
9/18/2016,FALSE,957,34,1:50 AM,3946,109,245,116,16,0,22,112,55,19,3,2:17 PM,592
9/19/2016,TRUE,958,20,9:54 PM,4854,120,1072,675,41,0,81,70,78,78,347,9:59 PM,576
9/20/2016,TRUE,959,40,12:41 PM,400,112,881,595,57,0,89,47,18,4,653,2:11 AM,337
9/21/2016,FALSE,960,75,8:42 AM,5176,4,92,661,20,0,49,95,111,64,634,7:12 AM,629
9/22/2016,FALSE,961,77,11:22 AM,5432,12,910,702,65,0,118,87,46,1,663,6:14 PM,178
9/23/2016,FALSE,962,81,11:24 PM,6385,41,227,468,114,0,104,30,44,73,446,8:35 AM,267
9/24/2016,TRUE,963,81,11:17 AM,6826,81,675,50,9,0,70,14,108,39,180,3:21 AM,275
9/25/2016,FALSE,964,90,3:47 AM,2428,57,1036,517,115,0,70,34,82,96,159,7:26 PM,484
9/26/2016,FALSE,965,6,5:24 PM,5604,26,424,1182,81,0,5,0,46,106,260,9:33 AM,615
9/27/2016,FALSE,966,86,11:32 AM,9775,28,560,252,102,0,76,90,6,83,171,10:44 AM,355
9/28/2016,TRUE,967,27,10:29 PM,7482,106,128,604,76,0,4,32,50,46,104,9:24 AM,1127
9/29/2016,FALSE,968,69,8:54 PM,1481,89,746,1131,70,0,107,106,84,52,965,12:19 AM,607
9/30/2016,FALSE,969,19,11:15 PM,2496,72,160,800,109,0,84,94,48,90,838,2:15 PM,1028
10/1/2016,FALSE,970,41,3:47 PM,1151,85,592,618,24,0,57,22,89,58,785,7:42 AM,723
10/2/2016,TRUE,971,73,11:57 AM,6918,88,158,656,116,0,38,7,32,5,597,7:49 PM,104
10/3/2016,FALSE,972,91,2:56 PM,16,68,1112,986,44,0,59,6,110,3,1061,8:10 AM,939
10/4/2016,TRUE,973,49,3:21 AM,8220,75,72,1018,90,0,81,106,109,120,1124,2:58 AM,310
10/5/2016,FALSE,974,46,12:59 PM,3419,26,298,649,11,0,102,42,101,6,484,3:40 AM,1100
10/6/2016,FALSE,975,15,10:30 AM,7515,12,1122,729,31,0,71,8,51,113,1096,3:13 PM,1039
10/7/2016,TRUE,976,87,11:30 PM,1996,14,976,633,48,0,41,45,37,61,117,3:49 AM,737
10/8/2016,TRUE,977,92,9:58 PM,1449,85,495,112,85,0,17,41,117,74,464,1:18 PM,491
10/9/2016,FALSE,978,48,1:54 PM,1310,44,695,372,46,0,30,120,0,89,910,10:31 PM,111
10/10/2016,TRUE,979,89,2:35 AM,5490,49,1051,710,81,0,8,3,116,116,1184,9:26 AM,45
10/11/2016,TRUE,980,95,7:00 AM,5903,23,1011,820,99,0,14,41,60,51,271,3:52 AM,714
10/12/2016,TRUE,981,74,12:21 PM,6959,85,39,1118,64,0,40,97,80,16,1188,6:15 PM,890
10/13/2016,TRUE,982,23,5:18 PM,2454,13,887,1002,15,0,108,24,24,82,546,3:14 PM,856
10/14/2016,FALSE,983,93,10:12 PM,5935,15,823,931,117,0,23,112,68,115,611,11:21 PM,1006
10/15/2016,FALSE,984,63,12:07 AM,934,34,965,1161,99,0,71,33,72,91,15,8:02 AM,88
10/16/2016,TRUE,985,77,5:43 PM,3605,77,635,999,2,0,70,39,90,109,588,8:21 AM,640
10/17/2016,FALSE,986,7,3:52 PM,4851,29,260,885,79,0,39,33,25,3,495,6:01 AM,468
10/18/2016,FALSE,987,90,9:00 PM,8165,83,33,376,101,0,13,28,61,61,665,11:12 PM,812
10/19/2016,TRUE,988,8,9:59 AM,2664,5,1051,641,46,0,61,13,60,32,521,6:01 AM,803
10/20/2016,FALSE,989,13,1:26 AM,6542,58,249,879,4,0,40,24,51,87,1025,4:57 AM,1096
10/21/2016,FALSE,990,49,5:06 PM,2289,119,732,948,93,0,6,17,79,68,920,11:01 PM,398
10/22/2016,TRUE,991,27,10:39 PM,3579,22,352,495,12,0,76,79,46,76,94,5:03 AM,311
10/23/2016,TRUE,992,33,11:33 PM,8074,98,884,1158,33,0,54,30,0,50,1104,6:58 PM,22
10/24/2016,FALSE,993,62,6:55 AM,7160,91,465,251,48,0,27,75,12,29,50,8:44 AM,999
10/25/2016,FALSE,994,56,10:43 AM,6863,79,349,1040,33,0,14,102,105,25,120,10:32 AM,845
10/26/2016,TRUE,995,24,10:41 AM,43,9,668,925,29,0,118,84,2,15,504,7:44 PM,734
10/27/2016,TRUE,996,81,7:01 PM,9835,66,1049,1049,63,0,2,78,59,87,103,7:58 PM,217
10/28/2016,TRUE,997,66,2:45 AM,6679,99,1090,704,19,0,118,77,114,15,1171,11:37 AM,956
10/29/2016,FALSE,998,3,2:36 AM,1729,96,166,816,8,0,110,73,113,53,439,5:24 AM,724
10/30/2016,FALSE,999,58,1:16 AM,5098,96,108,1192,79,0,78,120,51,79,821,4:43 AM,3
10/31/2016,TRUE,1000,95,6:51 PM,4823,18,983,822,68,0,93,8,43,5,973,4:10 AM,1061
